params,mean_fit_time,mean_score_time,mean_test_score,mean_train_score,param_n_estimators,rank_test_score,split0_test_score,split0_train_score,split1_test_score,split1_train_score,split2_test_score,split2_train_score,split3_test_score,split3_train_score,split4_test_score,split4_train_score,split5_test_score,split5_train_score,split6_test_score,split6_train_score,split7_test_score,split7_train_score,std_fit_time,std_score_time,std_test_score,std_train_score
{'n_estimators': 10},0.535906374454,0.00468266010284,-0.186629519653,0.789928643462,10,13,-0.276121300057,0.789708798583,-0.16521440668,0.795782036258,-0.165316261663,0.797919248996,-0.153679017822,0.798864800523,-0.0997459544545,0.780433793589,-0.196658865489,0.782099895021,-0.22155407654,0.785662703237,-0.21474627452,0.788957871492,0.0141970881244,8.33278050223e-05,0.0495819959992,0.00660111107402
{'n_estimators': 50},2.86406713724,0.0190818607807,-0.0865682637358,0.832982416521,50,12,-0.191890313969,0.831243578325,-0.0475814161635,0.835578609997,-0.0655101003554,0.834219070466,-0.0553742509356,0.83706446268,-0.0288749768695,0.831207483538,-0.10347634736,0.828758962204,-0.110419662543,0.834230471769,-0.0894190416913,0.831556693188,0.210488437757,0.00250533112083,0.0477239929565,0.00256257865854
{'n_estimators': 90},5.18675294518,0.0341188907623,-0.0733698093458,0.837387974215,90,11,-0.160865129684,0.834674192786,-0.0416630183193,0.837242833124,-0.0584626114917,0.835666944461,-0.0492818250498,0.83963807597,-0.0183987750471,0.835044686622,-0.0836822533235,0.836186799274,-0.0981034707477,0.84123310794,-0.0765013911029,0.83941715354,0.319163795942,0.00488462739626,0.0406400804885,0.00227065565913
{'n_estimators': 130},7.06285095215,0.0445790290833,-0.0680257170876,0.838060865839,130,10,-0.168598367606,0.83711985462,-0.040118752005,0.838274921739,-0.0488629972687,0.837444135712,-0.0450657854713,0.841652624878,-0.0155415120691,0.836753395921,-0.0621375373666,0.83494324656,-0.0926401773802,0.84024464324,-0.0712406075337,0.838054104046,0.104047467564,0.00378030274805,0.043579660732,0.00194969126091
{'n_estimators': 170},9.29488021135,0.0581707656384,-0.0672649885612,0.83887784778,170,9,-0.159446943697,0.83925571421,-0.0411252145378,0.839831969557,-0.0496772409527,0.838797596105,-0.041968027668,0.843056126114,-0.0178656621295,0.837525571477,-0.0694549677058,0.835319132326,-0.0904729551639,0.839645461336,-0.0681088966342,0.837591211117,0.323227600316,0.00336066440843,0.0404883889071,0.00209926632804
{'n_estimators': 210},11.4885386825,0.0699180364609,-0.0645235747531,0.839676664696,210,8,-0.14939868719,0.83979197924,-0.0432505417455,0.839916474421,-0.0424423131585,0.839183320761,-0.0406981990377,0.843469432482,-0.0193630395145,0.838509460285,-0.0626847508832,0.83655547417,-0.0905276825237,0.841126587745,-0.0678233839714,0.83886058846,0.261796525512,0.00246400322094,0.0378178444392,0.00188983251815
{'n_estimators': 250},13.8756565154,0.089988976717,-0.0632031162612,0.840216585935,250,7,-0.154723428522,0.840165234042,-0.03970743476,0.840008404828,-0.0400922038223,0.839814586689,-0.0361107652324,0.843777543358,-0.0191216013406,0.839136466254,-0.0597058712247,0.837809483935,-0.0901750337309,0.841696100026,-0.0659885914572,0.839324868349,0.400046808616,0.00644706380841,0.0401353619768,0.0016894125576
{'n_estimators': 290},16.1632797122,0.101273149252,-0.0622036479771,0.840532167321,290,6,-0.152278758072,0.84056644033,-0.0403720839547,0.840674299028,-0.0400981240004,0.840066410448,-0.0357514829203,0.844034621266,-0.0183699638524,0.839289270881,-0.0579546056981,0.838022944004,-0.0884212603733,0.842022573872,-0.0643829049453,0.83958077874,0.379901141591,0.0100200710767,0.0393860261669,0.00171292638108
{'n_estimators': 330},18.266250819,0.112888455391,-0.0610364257936,0.84044630774,330,5,-0.149066139978,0.840461426305,-0.0386997468139,0.840308447216,-0.039019858415,0.839417754264,-0.0352456872867,0.843290342505,-0.0177321094916,0.839184840804,-0.0582462293477,0.838070112184,-0.0879078348998,0.842587102776,-0.062373800116,0.840250435865,0.531722802438,0.00566210169778,0.0387378359022,0.00162113630741
{'n_estimators': 370},20.3938583732,0.126746237278,-0.0603205195213,0.841138345045,370,3,-0.148033411563,0.841050410542,-0.0390485139752,0.841044863847,-0.0401371095757,0.840430493261,-0.0336671728593,0.844328935462,-0.0172711177696,0.839884234688,-0.0551232759302,0.838643121973,-0.08628450159,0.843071533886,-0.0629990529071,0.840653166698,0.464010874525,0.0144687316389,0.0384470184372,0.00167589307007
{'n_estimators': 410},22.2310609818,0.136498779058,-0.0605110789949,0.84133937468,410,4,-0.146913227942,0.841072749922,-0.040621662108,0.841030489831,-0.0414249226567,0.840502069974,-0.0325400930178,0.844306161607,-0.0178356152922,0.840240599475,-0.0566881017584,0.839088322782,-0.0864236739865,0.843442611466,-0.061641335197,0.84103199238,0.902931280442,0.0100175002882,0.0379409542622,0.00159929800642
{'n_estimators': 450},23.485563159,0.143705576658,-0.059769304755,0.841131042096,450,1,-0.147478267569,0.840634282859,-0.0390409990771,0.840753806912,-0.0427036015833,0.840299548446,-0.0314296895751,0.843843052446,-0.0179054813998,0.839946021385,-0.0545200092564,0.838928142313,-0.0851068028274,0.843432844494,-0.0599695867525,0.841210637913,0.485269282786,0.00245783755595,0.0381429229314,0.00158102535023
{'n_estimators': 490},26.4367988408,0.173289626837,-0.0598185186014,0.84145774268,490,2,-0.149400920626,0.841045820823,-0.0383467917379,0.841051692546,-0.0415631202321,0.840728498047,-0.0316498913265,0.844185408265,-0.0168933595712,0.840258932048,-0.0552104910305,0.839213268327,-0.0849638919724,0.84370703367,-0.0605196823151,0.841471287711,0.73084106767,0.0121209958617,0.0389059082395,0.00157483408196
