params,mean_fit_time,mean_score_time,mean_test_score,mean_train_score,param_n_neighbors,rank_test_score,split0_test_score,split0_train_score,split1_test_score,split1_train_score,split2_test_score,split2_train_score,split3_test_score,split3_train_score,split4_test_score,split4_train_score,split5_test_score,split5_train_score,split6_test_score,split6_train_score,split7_test_score,split7_train_score,std_fit_time,std_score_time,std_test_score,std_train_score
{'n_neighbors': 5},0.00295779109001,0.00218170881271,-0.246489171061,0.182973924574,5,19,-0.166828580966,0.175086578291,-0.33252649515,0.191055143256,-0.174689144228,0.183898882362,-0.161609974739,0.176407117152,-0.26683076964,0.167244304716,-0.280703666231,0.182184022189,-0.340980073861,0.193527239201,-0.248225801335,0.194388109421,0.000902074601536,0.00039195696711,0.0676618753825,0.00909117556586
{'n_neighbors': 10},0.00220400094986,0.00216898322105,-0.12811840498,0.0887725425224,10,18,-0.150734877295,0.0935390679119,-0.172310253707,0.0902835323908,-0.168161981149,0.0892284163327,-0.0887620898151,0.0836504914174,-0.0608981083444,0.0794953074168,-0.148745862327,0.0886948466412,-0.081025568119,0.0926788193829,-0.154203460177,0.092609858685,0.000325819417505,0.000127190554554,0.0410204117317,0.00457579508421
{'n_neighbors': 15},0.00227800011635,0.0029519200325,-0.0827175930729,0.0645077719154,15,17,-0.0790192645765,0.0657089046497,-0.152988087072,0.0780404489784,-0.102676982128,0.0666077798286,-0.0410656104183,0.0676853391871,-0.0300236843168,0.0534043607875,-0.104812539438,0.071951497258,-0.0798190085916,0.0571690989078,-0.0712638061864,0.0554947457263,0.000753556864032,0.00104655522293,0.0362314430976,0.00800678293377
{'n_neighbors': 20},0.00233745574951,0.00323885679245,-0.0688673339428,0.0438751367488,20,16,-0.0624768436177,0.04369283813,-0.0998383948305,0.0507207295242,-0.0858251779486,0.0445507486846,-0.0508778953501,0.0477875546426,0.0103878258548,0.0374227760518,-0.123487685459,0.045160335244,-0.0783681641942,0.0458367867976,-0.0604577924409,0.0358293249154,0.000599514243284,0.000884825695866,0.0371651554354,0.00467074259629
{'n_neighbors': 25},0.00350362062454,0.00372931361198,-0.0519922116059,0.0386441329091,25,15,-0.0300797556884,0.0369424787912,-0.0760574868161,0.0437951959691,-0.0809513903929,0.0457632007212,-0.0508344000688,0.0390576022946,0.00316433684864,0.032083679529,-0.0900739551888,0.0424626409099,-0.0531627040716,0.0339131651737,-0.0378776169579,0.0351350998843,0.000942078046654,0.00073294364149,0.0287218778302,0.00464485039074
{'n_neighbors': 30},0.00229224562645,0.00313073396683,-0.0454437809047,0.0324888507086,30,14,-0.0179985412871,0.0272263802932,-0.067390381676,0.0379887178693,-0.0647297676494,0.0367066807154,-0.0386810428465,0.0333678153112,-0.02043675326,0.0283033920679,-0.0726227281908,0.0372169592458,-0.038376956215,0.0288574408832,-0.0432678623969,0.0302434192828,0.000498658812429,0.00069391221354,0.0196050689482,0.00410193515882
{'n_neighbors': 35},0.00261700153351,0.00375312566757,-0.0416912561983,0.0290180414092,35,13,-0.00284798966819,0.0281743753676,-0.0581422350675,0.0325027146525,-0.0553315498356,0.03073580979,-0.0422666657915,0.0253818276903,-0.0268940666416,0.0280462446696,-0.0680369302067,0.0348390661937,-0.0298229863225,0.0251095950292,-0.0501706818316,0.0273546978803,0.000846224487376,0.000924842069455,0.0196673424584,0.00319958750599
{'n_neighbors': 40},0.00215062499046,0.00373756885529,-0.0351389556124,0.0259721128426,40,12,-0.012107470345,0.0222865984271,-0.0399204232496,0.0306810197781,-0.0617551575181,0.0274908831642,-0.0389631835114,0.0257078862385,-0.0145447422368,0.0255072553771,-0.0349169092839,0.0301319442766,-0.0275195041926,0.0211202652952,-0.0514276005292,0.0248510501845,0.00014790519692,0.00105172692124,0.0159091944182,0.0031711747853
{'n_neighbors': 45},0.00210288167,0.00366765260696,-0.0287807500622,0.0246523415635,45,11,-4.01314165435e-05,0.0251789666905,-0.0324467905622,0.0262475867928,-0.0530608876218,0.0232294587638,-0.0441451079642,0.0250354400059,-0.000518647860922,0.0234386602021,-0.0245144433998,0.0287752238882,-0.0249322435375,0.0188906363698,-0.0506779918104,0.0264227597948,0.000184437361225,0.000572845995429,0.0192923236525,0.00273396026414
{'n_neighbors': 50},0.00202384591103,0.00366967916489,-0.0265794241051,0.021040760028,50,10,-0.00489211783058,0.0204491231027,-0.0368379603486,0.0204663467537,-0.0371061185132,0.0216019098257,-0.032655498642,0.0236662516549,-0.00491325431943,0.0203260142198,-0.0231152480175,0.0240982944975,-0.0300647748106,0.0164176728857,-0.0431507035096,0.0213004672844,0.00015028168803,0.00025897643365,0.0136561172949,0.00221325104276
{'n_neighbors': 55},0.0027702152729,0.00404354929924,-0.0255360534907,0.0205015219342,55,8,-0.00229204390156,0.0222943894458,-0.0472341782833,0.0208718065442,-0.0304865140029,0.0191245878836,-0.0364401386822,0.0227937398847,-0.00635133510035,0.0193272412105,-0.0231843706081,0.0222785629028,-0.0268158648595,0.0186426765698,-0.0315203027907,0.0186791710319,0.000841625566126,0.000291691038419,0.0139968907578,0.0016513166656
{'n_neighbors': 60},0.00204011797905,0.00493538379669,-0.0240213099858,0.0163612824645,60,5,0.00470518248906,0.0164506538117,-0.0350447385513,0.0179756140078,-0.0312784475851,0.0116949739389,-0.0368857504864,0.0179130813957,-0.0135246743114,0.0181388872777,-0.0180249887744,0.0174946312531,-0.0278839608944,0.0140693060155,-0.0343038276149,0.0171531120153,0.000177277378104,0.00082760140708,0.0133831074335,0.0021540971768
{'n_neighbors': 65},0.00311884284019,0.00493314862251,-0.0258721402013,0.0141536133929,65,9,-0.0010177692808,0.0143805121396,-0.0401408041179,0.014315712517,-0.0294727686032,0.0111058403937,-0.0353948025322,0.0156767810372,-0.0181726546936,0.0154741918972,-0.0234215934894,0.0171972013386,-0.0223841245063,0.0115786337806,-0.0370108578969,0.0135000340396,0.0013643346739,0.00198937344054,0.0118703019259,0.0019284631264
{'n_neighbors': 70},0.00216025114059,0.00448510050774,-0.0252937601773,0.0126506732999,70,7,0.00175736211832,0.010791119479,-0.0356819493347,0.0130392565695,-0.032464430496,0.0110844207856,-0.0291446918523,0.0126674864397,-0.0210550712524,0.0138077836921,-0.0268229612286,0.0157959595897,-0.0210852952294,0.0116046807159,-0.037895008058,0.0124146791277,0.000134927051625,0.000747818453252,0.0117432425695,0.00151838281693
{'n_neighbors': 75},0.00228041410446,0.0048169195652,-0.0236555771166,0.0115696461551,75,4,0.00321896007356,0.00961198467334,-0.0243722661227,0.0121196343419,-0.0298001203307,0.00972907119256,-0.031063318197,0.0102364800286,-0.0185989165499,0.0145980389693,-0.0289241741355,0.0147313162599,-0.0207708124553,0.00958312666473,-0.0389962487502,0.0119475171102,0.000469720842535,0.00057765655594,0.0117927033778,0.00201731072932
{'n_neighbors': 80},0.00211656093597,0.00468614697456,-0.0241090327284,0.011044981883,80,6,0.00218910943915,0.00794936209785,-0.0257353467169,0.0103668552456,-0.0300139420158,0.0104897110395,-0.0302578621748,0.012378154071,-0.0185163160449,0.0134315923599,-0.032137868928,0.0126568176065,-0.0203700290643,0.00946994158808,-0.0380811720001,0.0116174210553,0.000235798234755,0.000718261714702,0.0115766409895,0.00170406696933
{'n_neighbors': 85},0.00265258550644,0.00503575801849,-0.0233270620297,0.0107781970701,85,3,0.00706155133254,0.00689912410698,-0.0284619732252,0.0112009355716,-0.0334905445798,0.00999634983832,-0.0349040247317,0.012341012558,-0.0168601916462,0.0117915046086,-0.0260651528354,0.0141022172039,-0.0151516373055,0.00921979171911,-0.0387809153892,0.0106746409542,0.00086323761228,0.000489691331803,0.0138858478173,0.00202468656097
{'n_neighbors': 90},0.00232025980949,0.00539097189903,-0.0209785197584,0.0106136566454,90,2,0.00580075088406,0.00745860772254,-0.0258781706986,0.0118787517007,-0.0300331537454,0.00983659574467,-0.0323948477502,0.011591502283,-0.0158892544735,0.011517739532,-0.0194063552576,0.0129725506117,-0.0111613837826,0.00833706948001,-0.0389062964469,0.0113164360886,0.00028561395049,0.00029467058129,0.0132253010091,0.00177388343813
{'n_neighbors': 95},0.0025700032711,0.00595450401306,-0.0200989847009,0.0101933918521,95,1,0.00647509240558,0.00794718814175,-0.0277996875803,0.0118824985,-0.0298641289631,0.00974232802995,-0.0333221819565,0.0103157347602,-0.0105397289242,0.011654974269,-0.0127719908883,0.0115118349181,-0.0106095275452,0.00799160883224,-0.0424239014535,0.010500967366,0.000232408161711,0.000573136928573,0.0148680767082,0.00145490142183
