params,mean_fit_time,mean_score_time,mean_test_score,mean_train_score,param_leaf_size,rank_test_score,split0_test_score,split0_train_score,split1_test_score,split1_train_score,split2_test_score,split2_train_score,split3_test_score,split3_train_score,split4_test_score,split4_train_score,split5_test_score,split5_train_score,split6_test_score,split6_train_score,split7_test_score,split7_train_score,std_fit_time,std_score_time,std_test_score,std_train_score
{'leaf_size': 1},0.00275111198425,0.00561788678169,-0.246267557677,0.182713176253,1,3,-0.166828580966,0.175086013663,-0.331687037411,0.190507949439,-0.174689144228,0.183868121064,-0.161315391344,0.176419267892,-0.26683076964,0.16710044014,-0.280067016427,0.182012289714,-0.340980073861,0.193510541585,-0.248225801335,0.193200786529,0.000292120217491,0.00057813354826,0.0675348623052,0.0088790562312
{'leaf_size': 6},0.00251683592796,0.00283288955688,-0.24638673066,0.182748674963,6,7,-0.166828580966,0.174981787353,-0.331687037411,0.190523550505,-0.174710103166,0.183898882362,-0.161609974739,0.176419267892,-0.26683076964,0.167193189227,-0.280703666231,0.182209451186,-0.340980073861,0.193605799952,-0.248225801335,0.193157471223,0.000325958133731,0.000671854238652,0.0675259333949,0.00887863802291
{'leaf_size': 11},0.00215223431587,0.00201931595802,-0.246372621224,0.182827182647,11,4,-0.166828580966,0.174981787353,-0.33252649515,0.190507949439,-0.174689144228,0.183880064505,-0.161315391344,0.176415319586,-0.26683076964,0.167056438444,-0.280067016427,0.182042403172,-0.340980073861,0.193413871436,-0.248225801335,0.194319627245,0.000132805645922,0.000226295561026,0.0676681884763,0.0090571205952
{'leaf_size': 16},0.00237920880318,0.00221619009972,-0.246372621224,0.182827182647,16,4,-0.166828580966,0.174981787353,-0.33252649515,0.190507949439,-0.174689144228,0.183880064505,-0.161315391344,0.176415319586,-0.26683076964,0.167056438444,-0.280067016427,0.182042403172,-0.340980073861,0.193413871436,-0.248225801335,0.194319627245,0.000332577284477,0.000490326544516,0.0676681884763,0.0090571205952
{'leaf_size': 21},0.00314480066299,0.00307193398476,-0.246372621224,0.182827182647,21,4,-0.166828580966,0.174981787353,-0.33252649515,0.190507949439,-0.174689144228,0.183880064505,-0.161315391344,0.176415319586,-0.26683076964,0.167056438444,-0.280067016427,0.182042403172,-0.340980073861,0.193413871436,-0.248225801335,0.194319627245,0.000712809549521,0.000774100691774,0.0676681884763,0.0090571205952
{'leaf_size': 26},0.00299555063248,0.0025632083416,-0.246489171061,0.182973924574,26,17,-0.166828580966,0.175086578291,-0.33252649515,0.191055143256,-0.174689144228,0.183898882362,-0.161609974739,0.176407117152,-0.26683076964,0.167244304716,-0.280703666231,0.182184022189,-0.340980073861,0.193527239201,-0.248225801335,0.194388109421,0.000643322634069,0.000757884835594,0.0676618753825,0.00909117556586
{'leaf_size': 31},0.0027471780777,0.00277769565582,-0.246489171061,0.182973924574,31,17,-0.166828580966,0.175086578291,-0.33252649515,0.191055143256,-0.174689144228,0.183898882362,-0.161609974739,0.176407117152,-0.26683076964,0.167244304716,-0.280703666231,0.182184022189,-0.340980073861,0.193527239201,-0.248225801335,0.194388109421,0.000478074019374,0.00034777209444,0.0676618753825,0.00909117556586
{'leaf_size': 36},0.00259134173393,0.00226414203644,-0.246489171061,0.182973924574,36,17,-0.166828580966,0.175086578291,-0.33252649515,0.191055143256,-0.174689144228,0.183898882362,-0.161609974739,0.176407117152,-0.26683076964,0.167244304716,-0.280703666231,0.182184022189,-0.340980073861,0.193527239201,-0.248225801335,0.194388109421,0.000399276606125,0.000428789219343,0.0676618753825,0.00909117556586
{'leaf_size': 41},0.00212725996971,0.0020187497139,-0.246489171061,0.182973924574,41,17,-0.166828580966,0.175086578291,-0.33252649515,0.191055143256,-0.174689144228,0.183898882362,-0.161609974739,0.176407117152,-0.26683076964,0.167244304716,-0.280703666231,0.182184022189,-0.340980073861,0.193527239201,-0.248225801335,0.194388109421,0.000292124594193,0.000511871595991,0.0676618753825,0.00909117556586
{'leaf_size': 46},0.00195664167404,0.00196275115013,-0.246409491989,0.182894418984,46,8,-0.166828580966,0.175159965575,-0.33252649515,0.190523550505,-0.174689144228,0.183898882362,-0.161609988764,0.176388234907,-0.26683076964,0.167233073021,-0.280067016427,0.182009144638,-0.340980073861,0.193554391444,-0.248225801335,0.194388109421,0.000148757133148,0.000406679690364,0.0676218972214,0.00903580513816
{'leaf_size': 51},0.00201368331909,0.00201866030693,-0.246409491989,0.182894418984,51,8,-0.166828580966,0.175159965575,-0.33252649515,0.190523550505,-0.174689144228,0.183898882362,-0.161609988764,0.176388234907,-0.26683076964,0.167233073021,-0.280067016427,0.182009144638,-0.340980073861,0.193554391444,-0.248225801335,0.194388109421,0.000261728223561,0.000432159726204,0.0676218972214,0.00903580513816
{'leaf_size': 56},0.00211247801781,0.00222286581993,-0.246409491989,0.182894418984,56,8,-0.166828580966,0.175159965575,-0.33252649515,0.190523550505,-0.174689144228,0.183898882362,-0.161609988764,0.176388234907,-0.26683076964,0.167233073021,-0.280067016427,0.182009144638,-0.340980073861,0.193554391444,-0.248225801335,0.194388109421,0.000290148772817,0.000763891285141,0.0676218972214,0.00903580513816
{'leaf_size': 61},0.00226750969887,0.00205871462822,-0.246409491989,0.182894418984,61,8,-0.166828580966,0.175159965575,-0.33252649515,0.190523550505,-0.174689144228,0.183898882362,-0.161609988764,0.176388234907,-0.26683076964,0.167233073021,-0.280067016427,0.182009144638,-0.340980073861,0.193554391444,-0.248225801335,0.194388109421,0.000365584240843,0.000330744201443,0.0676218972214,0.00903580513816
{'leaf_size': 66},0.00218465924263,0.00198504328728,-0.246409491989,0.182894418984,66,8,-0.166828580966,0.175159965575,-0.33252649515,0.190523550505,-0.174689144228,0.183898882362,-0.161609988764,0.176388234907,-0.26683076964,0.167233073021,-0.280067016427,0.182009144638,-0.340980073861,0.193554391444,-0.248225801335,0.194388109421,0.000413431538709,0.000256826100203,0.0676218972214,0.00903580513816
{'leaf_size': 71},0.00227731466293,0.00211843848228,-0.246409491989,0.182894418984,71,8,-0.166828580966,0.175159965575,-0.33252649515,0.190523550505,-0.174689144228,0.183898882362,-0.161609988764,0.176388234907,-0.26683076964,0.167233073021,-0.280067016427,0.182009144638,-0.340980073861,0.193554391444,-0.248225801335,0.194388109421,0.000483032124724,0.000453181995919,0.0676218972214,0.00903580513816
{'leaf_size': 76},0.00191712379456,0.00181838870049,-0.246409491989,0.182894418984,76,8,-0.166828580966,0.175159965575,-0.33252649515,0.190523550505,-0.174689144228,0.183898882362,-0.161609988764,0.176388234907,-0.26683076964,0.167233073021,-0.280067016427,0.182009144638,-0.340980073861,0.193554391444,-0.248225801335,0.194388109421,0.000100413431451,0.000150677261697,0.0676218972214,0.00903580513816
{'leaf_size': 81},0.00233426690102,0.00203290581703,-0.246409491989,0.182894418984,81,8,-0.166828580966,0.175159965575,-0.33252649515,0.190523550505,-0.174689144228,0.183898882362,-0.161609988764,0.176388234907,-0.26683076964,0.167233073021,-0.280067016427,0.182009144638,-0.340980073861,0.193554391444,-0.248225801335,0.194388109421,0.000729607579208,0.000499691527778,0.0676218972214,0.00903580513816
{'leaf_size': 86},0.00221234560013,0.00211077928543,-0.246409491989,0.182894418984,86,8,-0.166828580966,0.175159965575,-0.33252649515,0.190523550505,-0.174689144228,0.183898882362,-0.161609988764,0.176388234907,-0.26683076964,0.167233073021,-0.280067016427,0.182009144638,-0.340980073861,0.193554391444,-0.248225801335,0.194388109421,0.000717370064804,0.00073079096015,0.0676218972214,0.00903580513816
{'leaf_size': 91},0.00192114710808,0.00226673483849,-0.245665890987,0.182949694069,91,1,-0.162021264118,0.175086578291,-0.331687037411,0.190897263651,-0.174689144228,0.18369354796,-0.161315391344,0.176407117152,-0.26683076964,0.167051341631,-0.280067016427,0.182001191039,-0.340980073861,0.19414088558,-0.248225801335,0.194319627245,0.000250324363407,0.000412938964718,0.0682574508639,0.00919596718281
{'leaf_size': 96},0.00191074609756,0.0021650493145,-0.245665890987,0.182949694069,96,1,-0.162021264118,0.175086578291,-0.331687037411,0.190897263651,-0.174689144228,0.18369354796,-0.161315391344,0.176407117152,-0.26683076964,0.167051341631,-0.280067016427,0.182001191039,-0.340980073861,0.19414088558,-0.248225801335,0.194319627245,0.000157313347784,0.000334444066567,0.0682574508639,0.00919596718281
