params,mean_fit_time,mean_score_time,mean_test_score,mean_train_score,param_max_depth,rank_test_score,split0_test_score,split0_train_score,split1_test_score,split1_train_score,split2_test_score,split2_train_score,split3_test_score,split3_train_score,split4_test_score,split4_train_score,split5_test_score,split5_train_score,split6_test_score,split6_train_score,split7_test_score,split7_train_score,std_fit_time,std_score_time,std_test_score,std_train_score
{'max_depth': 1},0.506963729858,0.0584271550179,-0.00111650025458,0.00212650203222,1,1,-0.000420355605549,0.0022315060154,-0.00257945460509,0.00243944731781,-0.000874679780836,0.00198524340695,0.00091965466804,0.00178803846255,-0.000701852406483,0.00199633515766,0.000640430922814,0.00211419261018,-0.00389038498858,0.00233423515983,-0.00202536024093,0.00212301812741,0.133247552628,0.0214064557295,0.00152514178877,0.000194850039283
{'max_depth': 2},0.656158715487,0.0638506412506,-0.00180891585198,0.00597600805509,2,2,-1.71817655135e-05,0.00679286299692,-0.00558382899943,0.0064303481875,0.000762396087064,0.00544246762529,0.00338778470766,0.00496883082391,-0.00200201841395,0.00520633070705,-0.00054990748223,0.00606502646972,-0.00499727830724,0.00522406282813,-0.00547129264217,0.00767813480218,0.0830649528335,0.0179804410993,0.00308785264536,0.000882874063988
{'max_depth': 3},0.769917368889,0.0527261197567,-0.00236848483244,0.0119430896026,3,3,-0.00131750633962,0.0133307339091,-0.00951226516949,0.0129270028142,0.000127938930739,0.0114473172929,0.00368606023235,0.0106296810758,-0.00262931025705,0.0114980539099,-0.00023550208127,0.0112700710397,-0.0029081015809,0.0116315444064,-0.00615919239431,0.0128103123725,0.0567201655062,0.00985338473473,0.00377998174958,0.000891951551825
{'max_depth': 4},1.00393494964,0.0533617436886,-0.00276780962541,0.0198588239601,4,4,-0.00105928135316,0.0212475339919,-0.0102736328878,0.0213557960631,0.000334250320739,0.0195988749712,0.00296164509084,0.0193323536745,-0.00168234283868,0.0192980306457,-0.00176524360549,0.0188475344281,-0.00315327271727,0.0203417088965,-0.00750459901244,0.0188487590095,0.0934874710293,0.0157828735038,0.00397610065297,0.00094238992681
{'max_depth': 5},1.4292845428,0.067997276783,-0.00479653620803,0.031621202899,5,5,-0.0030482420449,0.0296912498429,-0.0148412987197,0.0334895359053,0.00171111149167,0.0315127270628,-0.00193020106187,0.0319072845616,-0.000975606606187,0.0313123641833,-0.00167807946142,0.0327877811784,-0.00514512781896,0.0324913206459,-0.0124648454428,0.029777359812,0.110807519288,0.0105802149188,0.00545169584035,0.0012709320007
{'max_depth': 6},1.7895206511,0.088629424572,-0.00861288686512,0.0461994514214,6,6,-0.00749057587451,0.040194735805,-0.0230086296181,0.0520165100588,-0.002964161629,0.0450963491106,-0.00536686016127,0.0495000288857,-0.00741211568633,0.0434604113539,0.000143434297547,0.0491644778293,-0.00325609010811,0.0474683182032,-0.0195480961412,0.0426947801244,0.0920812342552,0.0244185420451,0.00772440016004,0.00374486136311
{'max_depth': 7},1.99240028858,0.0776561200619,-0.0097597344737,0.0655447939983,7,7,-0.0103989340035,0.0564082130598,-0.0243771124851,0.0688704944864,0.000306103816945,0.0615618295572,-0.00528700286218,0.0714669928648,-0.00925940211248,0.0665373700956,-0.00238507128933,0.0725255646872,-0.00358862497024,0.0674263423641,-0.0230878318838,0.0595615448711,0.32190245942,0.0163268577324,0.00870172042731,0.00541444481488
{'max_depth': 8},1.95122075081,0.056298404932,-0.0140217376205,0.0898212789691,8,8,-0.0155035963665,0.0746680015284,-0.0197925339361,0.092919401749,-0.00421466100988,0.079933624492,-0.014247089566,0.0995401323396,-0.0123730320624,0.0939858329596,-0.00850794654648,0.10144537083,-0.0064064189257,0.090052249121,-0.0311286225508,0.0860256187329,0.163019992208,0.0175285281141,0.00802719007088,0.00864844934963
{'max_depth': 9},2.04003807902,0.0724228918552,-0.0142998602055,0.116834445564,9,9,-0.0125464236476,0.0996261026114,-0.0242463624023,0.124776718088,-0.000904743326041,0.104358927635,-0.0119155687528,0.129047795322,-0.00815739279839,0.119233856994,-0.0143111893021,0.127917222408,-0.00684061862736,0.116018731316,-0.0354765827875,0.113696210135,0.112770501011,0.00889524609492,0.0101793009712,0.0100194201993
{'max_depth': 10},2.11898359656,0.067703306675,-0.0181364763855,0.149843595283,10,10,-0.0175338784912,0.128302882769,-0.0316059984141,0.161678760044,-0.00330285419431,0.134455532182,-0.0182596292249,0.162944199692,-0.0171504759842,0.153912589652,-0.0165955520814,0.163972473417,-0.00738935604706,0.14788664963,-0.0332540666466,0.145595674877,0.0836818287931,0.0165762892535,0.00967749604243,0.0125027402947
{'max_depth': 11},2.70968857408,0.0654048919678,-0.0297803636985,0.186328960204,11,11,-0.0301308174627,0.159076729023,-0.046067893985,0.19928685108,-0.0041353889777,0.167458312969,-0.0222588156685,0.201661051773,-0.0383902261282,0.193235533792,-0.0300674970755,0.202483354599,-0.0221177653185,0.184655377002,-0.0450745049717,0.182774471396,0.438529342254,0.0185024363748,0.0129734499157,0.0151073901107
{'max_depth': 12},2.61024963856,0.0563992261887,-0.0374938613349,0.2262083638,12,12,-0.0328079542581,0.193380950343,-0.0569104714555,0.243923243072,-0.0110952028432,0.203910917323,-0.0266047519445,0.243921782592,-0.0443041334882,0.234182122283,-0.043470812893,0.246755536879,-0.0283855015257,0.221309660073,-0.0563720622709,0.222282697836,0.168838610106,0.0169429809956,0.0147303971133,0.0184647388416
{'max_depth': 13},3.01170417666,0.0527332127094,-0.0476119904571,0.266424548728,13,13,-0.037468303901,0.227353705082,-0.0733108298607,0.285938713604,-0.0148515666593,0.240179822354,-0.0341532087822,0.287146787535,-0.0638150542642,0.278793217227,-0.049973546944,0.287737374569,-0.0339572960729,0.259015806781,-0.0733661171724,0.265230962669,0.30085632956,0.0154928668047,0.0197975719553,0.0214740101876
