params,mean_fit_time,mean_score_time,mean_test_score,mean_train_score,param_max_leaf_nodes,rank_test_score,split0_test_score,split0_train_score,split1_test_score,split1_train_score,split2_test_score,split2_train_score,split3_test_score,split3_train_score,split4_test_score,split4_train_score,split5_test_score,split5_train_score,split6_test_score,split6_train_score,split7_test_score,split7_train_score,std_fit_time,std_score_time,std_test_score,std_train_score
{'max_leaf_nodes': 2},0.119016855955,0.00757163763046,-0.00111650025458,0.00212650203222,2,1,-0.000420355605549,0.0022315060154,-0.00257945460509,0.00243944731781,-0.000874679780836,0.00198524340695,0.00091965466804,0.00178803846255,-0.000701852406483,0.00199633515766,0.000640430922814,0.00211419261018,-0.00389038498858,0.00233423515983,-0.00202536024093,0.00212301812741,0.00522211362265,0.00110051694239,0.00152514178877,0.000194850039283
{'max_leaf_nodes': 3},0.137986212969,0.00757956504822,-0.00160069623375,0.00478551565697,3,2,-0.000226726985224,0.00539629096464,-0.00553850943933,0.00502197245318,-0.000263897811998,0.00420151337431,0.00210079572061,0.0039244918114,-0.00110901741434,0.00411431676685,0.000770615075631,0.00474454030964,-0.00466809022782,0.0045700735609,-0.00387073878755,0.00631092601481,0.00746017648202,0.000442556198922,0.00258140227263,0.000736279329422
{'max_leaf_nodes': 4},0.155826479197,0.00772660970688,-0.00204352045513,0.00724751150682,4,3,-0.000833296535846,0.00759767760389,-0.00628186517781,0.00734506854564,-0.00050902351285,0.0063097471765,0.00302623807875,0.00580827447512,-0.00163723632247,0.00714221149828,-0.000736072545734,0.00719199620709,-0.00348167429376,0.00785274637743,-0.00589523333136,0.0087323701706,0.00382946614014,0.000642450114632,0.00287801593458,0.000841741007103
{'max_leaf_nodes': 5},0.16814109683,0.00778451561928,-0.0023132804593,0.00970739522936,5,5,-0.00129569863725,0.0105023074427,-0.00828206841859,0.0109553885177,-0.00105670013978,0.00922247902077,0.00322223646258,0.00791327489374,-0.00110055989767,0.00921985717674,-0.000227743722785,0.00885043451164,-0.00350517518744,0.0101776292449,-0.00626053413345,0.0108177910266,0.00847176593008,0.000846100787168,0.00338571306024,0.00100433796996
{'max_leaf_nodes': 6},0.183293014765,0.00791233778,-0.00209521622098,0.0118339376109,6,4,-0.00140544419591,0.0128551774661,-0.00796923996212,0.0126859956675,-0.00044785871336,0.0112967189485,0.00369895092529,0.00979449976632,-0.000136059761142,0.0115599452014,-0.0010187872268,0.0109895605674,-0.00327054192416,0.0128328672272,-0.00621274890966,0.0126567360424,0.00775699739851,0.00132525698377,0.00343872358949,0.00104161811957
{'max_leaf_nodes': 7},0.198131918907,0.00824123620987,-0.00324591135005,0.0142632628087,7,8,-0.00146236082126,0.0157104807854,-0.00797739746291,0.0151072123077,-0.00237802754359,0.0133360088251,0.00437267619576,0.011824480852,-0.00161125333601,0.0138987516925,-0.00515304686963,0.0138915907362,-0.00438944429097,0.0153661377832,-0.00736843667178,0.0149714394874,0.00901524174737,0.000789535757845,0.00369080389529,0.00120431536113
{'max_leaf_nodes': 8},0.206495136023,0.00786864757538,-0.00332441879898,0.0166709320935,8,9,-0.000714616425938,0.0176023152983,-0.00901646889263,0.0174374556302,-0.00278112053434,0.0153321535213,0.00307789270761,0.0133217743951,-0.0012311114892,0.0168664834537,-0.00480517978924,0.0173937972696,-0.00474820047173,0.0173854329108,-0.00637654549639,0.0180280442691,0.00668308945693,0.00075436085838,0.00350735813254,0.00147382400718
{'max_leaf_nodes': 9},0.214568853378,0.00793388485909,-0.00335742503543,0.0188449156402,9,10,-0.000295139962936,0.0198478254968,-0.00903005359512,0.0189762236233,-0.00281008354756,0.0168872838985,0.00356420455735,0.0165949191326,-0.000879995257462,0.0187185408248,-0.00503008350021,0.0191799724244,-0.00428803450761,0.020297954991,-0.00809021446987,0.0202566047302,0.00856587167826,0.00106059480192,0.00390457452916,0.00132995767656
{'max_leaf_nodes': 10},0.223224639893,0.00774073600769,-0.00292568206219,0.0209921642523,10,7,-0.00111703707775,0.0218574615257,-0.00965547063991,0.0202436813869,-0.00188073642382,0.0186241768144,0.00412550048544,0.0188483257087,0.000542452872748,0.0211652861404,-0.00458897831963,0.0223860586402,-0.00181940057351,0.0227595792969,-0.00901178682111,0.0220527445048,0.00750871977246,0.000615978750361,0.00436507992372,0.00148887009772
{'max_leaf_nodes': 11},0.229504525661,0.00827088952065,-0.00276277430271,0.0230512423722,11,6,-0.0023733154794,0.0233059349461,-0.00933515033715,0.0226767172352,-0.00143332355492,0.0206240455782,0.00654233795789,0.0207906012501,0.00284171419907,0.0239100688207,-0.00510441380313,0.0246326525252,-0.00351189777999,0.0249647937264,-0.00972814562405,0.0235051248954,0.00953835515149,0.000983129641971,0.0052162188045,0.00151298748409
{'max_leaf_nodes': 12},0.238297998905,0.00844672322273,-0.00340188314755,0.0251753475159,12,11,-0.0022980628692,0.024730801438,-0.0097386604293,0.0246715455366,-0.00138593000419,0.022870696547,0.00575750112744,0.0234094869852,0.00309896262377,0.0252195516656,-0.00683137923938,0.0259684648135,-0.00417698861363,0.0283056152366,-0.0116405077759,0.0262266179051,0.010722781009,0.000779776005494,0.00561058950039,0.00159749223946
{'max_leaf_nodes': 13},0.242524087429,0.00823259353638,-0.00386920097124,0.0274967082305,13,12,-0.00318264310037,0.026323977164,-0.00984226887189,0.0271332111928,-0.00256932473876,0.0250075372456,0.00549114992456,0.0264028620768,0.00441302814978,0.0268957537563,-0.00867409237845,0.0292635705303,-0.00408365384379,0.030110477322,-0.012505802911,0.0288362765563,0.0158387145297,0.000725632761993,0.00603918385127,0.00162053543158
{'max_leaf_nodes': 14},0.249893724918,0.00824120640755,-0.00435314984669,0.0297567660176,14,13,-0.00393425312735,0.0279118549592,-0.00967083449036,0.0290310914672,-0.0020761570968,0.0266668997771,0.00490059970987,0.0302685194548,0.00321475922514,0.0295232438549,-0.00835428188312,0.0313685174255,-0.00561740687983,0.0318993816884,-0.0132876242311,0.0313846195137,0.0138007448514,0.000876426181459,0.00585208621917,0.00171873679813
{'max_leaf_nodes': 15},0.259994775057,0.00845548510551,-0.00479340337619,0.0319082672994,15,14,-0.00305484235222,0.0293580031577,-0.0106989022507,0.0314622854084,-0.00293402320731,0.0287030273408,0.00549849725451,0.0324338810554,0.00148964890233,0.0310037419487,-0.00874784938815,0.0351403835858,-0.00634343855927,0.0336348899297,-0.0135563174086,0.0335299259685,0.0126953832811,0.0009602976772,0.00593278692101,0.00206543955363
{'max_leaf_nodes': 16},0.267178744078,0.00804349780083,-0.00506499114001,0.0339912487496,16,15,-0.00369725268724,0.0308308243512,-0.0100381124343,0.0331157975076,-0.00299907495297,0.0307301115396,0.00471889093424,0.0349202764333,0.00146276558363,0.0334736322557,-0.00877095751494,0.0378692504578,-0.00742387496758,0.0356545932078,-0.013772313081,0.0353355042438,0.011869985725,0.000708234061618,0.00574807125182,0.00229492285542
{'max_leaf_nodes': 17},0.2719848454,0.00780385732651,-0.00576665645233,0.0361023465457,17,17,-0.00201959387328,0.0324689927599,-0.0125017837732,0.0352389108456,-0.00372435373012,0.0329542845379,0.00343452409228,0.0363454340256,0.00103801883351,0.0365190360485,-0.00866129852351,0.0396921022785,-0.00824989835609,0.0384629151001,-0.0154488662882,0.0371370967691,0.0138669586582,0.000687114514319,0.00615253380678,0.00233503573731
{'max_leaf_nodes': 18},0.277399897575,0.00910434126854,-0.00573372329201,0.0379270324646,18,16,-0.00202387284605,0.0344582430692,-0.0130322797079,0.0365242651619,-0.00447846555171,0.0348083690805,0.00370290851112,0.0378219870181,0.00092070317902,0.038483460536,-0.00761958409364,0.0412865953108,-0.00881013244459,0.0406167566786,-0.0145290633823,0.0394165828615,0.011736502836,0.00170030811467,0.00604480945801,0.00236608863088
{'max_leaf_nodes': 19},0.279459118843,0.0088839828968,-0.00597304483788,0.040180758915,19,18,-0.00211395462987,0.0365544556158,-0.0146548463652,0.0384654823484,-0.00574086528581,0.0366195865337,0.00261048110318,0.0391942158789,0.00061539307627,0.0412175756668,-0.00613826633049,0.0442745912044,-0.00883956853892,0.0427471871631,-0.0135227317322,0.0423729769087,0.00939457859083,0.00122740363645,0.00583787870869,0.00271510337475
