params,mean_fit_time,mean_score_time,mean_test_score,mean_train_score,param_max_depth,param_max_features,param_max_leaf_nodes,param_min_samples_leaf,param_min_samples_split,param_min_weight_fraction_leaf,param_n_estimators,rank_test_score,split0_test_score,split0_train_score,split1_test_score,split1_train_score,split2_test_score,split2_train_score,split3_test_score,split3_train_score,split4_test_score,split4_train_score,split5_test_score,split5_train_score,split6_test_score,split6_train_score,split7_test_score,split7_train_score,std_fit_time,std_score_time,std_test_score,std_train_score
"{'max_leaf_nodes': 4, 'min_samples_leaf': 77, 'n_estimators': 490, 'min_samples_split': 202, 'min_weight_fraction_leaf': 0.10000000000000001, 'max_features': 'sqrt', 'max_depth': 3}",5.66809213161,0.36473608017,0.00106128291679,0.00280487652584,3,sqrt,4,77,202,0.10000000000000001,490,49,0.000825359923506,0.00274261176763,0.00176241797338,0.00258503078785,0.00132692580528,0.00275846109955,0.00106317193671,0.00287061758425,0.000890934612698,0.00281545619253,0.00109107818141,0.00287251658964,0.00202278264172,0.00275547431011,-0.000492407740373,0.00303884387515,0.249814518597,0.0437074843142,0.000705882640799,0.00012275673822
"{'max_leaf_nodes': 4, 'min_samples_leaf': 77, 'n_estimators': 450, 'min_samples_split': 202, 'min_weight_fraction_leaf': 0.10000000000000001, 'max_features': 'sqrt', 'max_depth': 3}",5.06722596288,0.310594975948,0.00106273188226,0.00279726882514,3,sqrt,4,77,202,0.10000000000000001,450,33,0.000843124104862,0.00273028623556,0.00176064971833,0.00258590826983,0.00131826741218,0.00275217298607,0.00107637902733,0.00286448756115,0.000864246162849,0.00281057245854,0.00109127480091,0.00286913722453,0.00201535398566,0.00274339131756,-0.000467440154009,0.00302219454788,0.0351211614047,0.00724056405763,0.000697309843694,0.000119660125399
"{'max_leaf_nodes': 4, 'min_samples_leaf': 77, 'n_estimators': 490, 'min_samples_split': 202, 'min_weight_fraction_leaf': 0.20000000000000001, 'max_features': 'sqrt', 'max_depth': 3}",5.15312221646,0.345455884933,0.000600085339903,0.00199325557909,3,sqrt,4,77,202,0.20000000000000001,490,65,0.000452765340164,0.00199859381734,0.0010827723803,0.00185537700253,0.000594572366126,0.00199649689335,0.00061938334674,0.00205355058967,0.000400505758678,0.00205486636233,0.000691981819444,0.00205706481452,0.0015302102884,0.001895245174,-0.000571508580634,0.002034849979,0.0487261644717,0.00609000029759,0.000563597204781,7.23607575191e-05
"{'max_leaf_nodes': 4, 'min_samples_leaf': 77, 'n_estimators': 450, 'min_samples_split': 202, 'min_weight_fraction_leaf': 0.20000000000000001, 'max_features': 'sqrt', 'max_depth': 3}",4.77593448758,0.319983363152,0.000593351828884,0.00198606987982,3,sqrt,4,77,202,0.20000000000000001,450,97,0.000438380963143,0.00198959127555,0.00108032671745,0.00184955551883,0.000575766284639,0.00198734272629,0.000600119307776,0.00205169226149,0.000394502925653,0.00204884427989,0.000686862591903,0.00204753363473,0.00151651730362,0.00188546160493,-0.000545661463111,0.0020285377368,0.0620391030794,0.0125480081262,0.000554457672377,7.29729833758e-05
"{'max_leaf_nodes': 4, 'min_samples_leaf': 77, 'n_estimators': 490, 'min_samples_split': 192, 'min_weight_fraction_leaf': 0.10000000000000001, 'max_features': 'sqrt', 'max_depth': 3}",5.66696757078,0.357481241226,0.00106128291679,0.00280487652584,3,sqrt,4,77,192,0.10000000000000001,490,49,0.000825359923506,0.00274261176763,0.00176241797338,0.00258503078785,0.00132692580528,0.00275846109955,0.00106317193671,0.00287061758425,0.000890934612698,0.00281545619253,0.00109107818141,0.00287251658964,0.00202278264172,0.00275547431011,-0.000492407740373,0.00303884387515,0.22838915127,0.0240228761887,0.000705882640799,0.00012275673822
"{'max_leaf_nodes': 4, 'min_samples_leaf': 77, 'n_estimators': 450, 'min_samples_split': 192, 'min_weight_fraction_leaf': 0.10000000000000001, 'max_features': 'sqrt', 'max_depth': 3}",5.24132677913,0.333742171526,0.00106273188226,0.00279726882514,3,sqrt,4,77,192,0.10000000000000001,450,33,0.000843124104862,0.00273028623556,0.00176064971833,0.00258590826983,0.00131826741218,0.00275217298607,0.00107637902733,0.00286448756115,0.000864246162849,0.00281057245854,0.00109127480091,0.00286913722453,0.00201535398566,0.00274339131756,-0.000467440154009,0.00302219454788,0.259660919648,0.0433319214647,0.000697309843694,0.000119660125399
"{'max_leaf_nodes': 4, 'min_samples_leaf': 77, 'n_estimators': 490, 'min_samples_split': 192, 'min_weight_fraction_leaf': 0.20000000000000001, 'max_features': 'sqrt', 'max_depth': 3}",5.14488732815,0.349411129951,0.000600085339903,0.00199325557909,3,sqrt,4,77,192,0.20000000000000001,490,65,0.000452765340164,0.00199859381734,0.0010827723803,0.00185537700253,0.000594572366126,0.00199649689335,0.00061938334674,0.00205355058967,0.000400505758678,0.00205486636233,0.000691981819444,0.00205706481452,0.0015302102884,0.001895245174,-0.000571508580634,0.002034849979,0.0380382348101,0.0265096800673,0.000563597204781,7.23607575191e-05
"{'max_leaf_nodes': 4, 'min_samples_leaf': 77, 'n_estimators': 450, 'min_samples_split': 192, 'min_weight_fraction_leaf': 0.20000000000000001, 'max_features': 'sqrt', 'max_depth': 3}",5.76120963693,0.457765489817,0.000593351828884,0.00198606987982,3,sqrt,4,77,192,0.20000000000000001,450,97,0.000438380963143,0.00198959127555,0.00108032671745,0.00184955551883,0.000575766284639,0.00198734272629,0.000600119307776,0.00205169226149,0.000394502925653,0.00204884427989,0.000686862591903,0.00204753363473,0.00151651730362,0.00188546160493,-0.000545661463111,0.0020285377368,1.03487447567,0.230118262781,0.000554457672377,7.29729833758e-05
"{'max_leaf_nodes': 4, 'min_samples_leaf': 73, 'n_estimators': 490, 'min_samples_split': 202, 'min_weight_fraction_leaf': 0.10000000000000001, 'max_features': 'sqrt', 'max_depth': 3}",5.66726756096,0.34885647893,0.00106128291679,0.00280487652584,3,sqrt,4,73,202,0.10000000000000001,490,49,0.000825359923506,0.00274261176763,0.00176241797338,0.00258503078785,0.00132692580528,0.00275846109955,0.00106317193671,0.00287061758425,0.000890934612698,0.00281545619253,0.00109107818141,0.00287251658964,0.00202278264172,0.00275547431011,-0.000492407740373,0.00303884387515,0.320639942509,0.0341219893448,0.000705882640799,0.00012275673822
"{'max_leaf_nodes': 4, 'min_samples_leaf': 73, 'n_estimators': 450, 'min_samples_split': 202, 'min_weight_fraction_leaf': 0.10000000000000001, 'max_features': 'sqrt', 'max_depth': 3}",5.18971773982,0.325719505548,0.00106273188226,0.00279726882514,3,sqrt,4,73,202,0.10000000000000001,450,33,0.000843124104862,0.00273028623556,0.00176064971833,0.00258590826983,0.00131826741218,0.00275217298607,0.00107637902733,0.00286448756115,0.000864246162849,0.00281057245854,0.00109127480091,0.00286913722453,0.00201535398566,0.00274339131756,-0.000467440154009,0.00302219454788,0.25782047671,0.0440826758956,0.000697309843694,0.000119660125399
"{'max_leaf_nodes': 4, 'min_samples_leaf': 73, 'n_estimators': 490, 'min_samples_split': 202, 'min_weight_fraction_leaf': 0.20000000000000001, 'max_features': 'sqrt', 'max_depth': 3}",5.20427912474,0.379109293222,0.000600085339903,0.00199325557909,3,sqrt,4,73,202,0.20000000000000001,490,65,0.000452765340164,0.00199859381734,0.0010827723803,0.00185537700253,0.000594572366126,0.00199649689335,0.00061938334674,0.00205355058967,0.000400505758678,0.00205486636233,0.000691981819444,0.00205706481452,0.0015302102884,0.001895245174,-0.000571508580634,0.002034849979,0.3256490998,0.10335897177,0.000563597204781,7.23607575191e-05
"{'max_leaf_nodes': 4, 'min_samples_leaf': 73, 'n_estimators': 450, 'min_samples_split': 202, 'min_weight_fraction_leaf': 0.20000000000000001, 'max_features': 'sqrt', 'max_depth': 3}",4.87548574805,0.311842650175,0.000593351828884,0.00198606987982,3,sqrt,4,73,202,0.20000000000000001,450,97,0.000438380963143,0.00198959127555,0.00108032671745,0.00184955551883,0.000575766284639,0.00198734272629,0.000600119307776,0.00205169226149,0.000394502925653,0.00204884427989,0.000686862591903,0.00204753363473,0.00151651730362,0.00188546160493,-0.000545661463111,0.0020285377368,0.274970722745,0.0162370506281,0.000554457672377,7.29729833758e-05
"{'max_leaf_nodes': 4, 'min_samples_leaf': 73, 'n_estimators': 490, 'min_samples_split': 192, 'min_weight_fraction_leaf': 0.10000000000000001, 'max_features': 'sqrt', 'max_depth': 3}",5.9487811625,0.356660336256,0.00106128291679,0.00280487652584,3,sqrt,4,73,192,0.10000000000000001,490,49,0.000825359923506,0.00274261176763,0.00176241797338,0.00258503078785,0.00132692580528,0.00275846109955,0.00106317193671,0.00287061758425,0.000890934612698,0.00281545619253,0.00109107818141,0.00287251658964,0.00202278264172,0.00275547431011,-0.000492407740373,0.00303884387515,0.790934798793,0.0210543927199,0.000705882640799,0.00012275673822
"{'max_leaf_nodes': 4, 'min_samples_leaf': 73, 'n_estimators': 450, 'min_samples_split': 192, 'min_weight_fraction_leaf': 0.10000000000000001, 'max_features': 'sqrt', 'max_depth': 3}",5.01054021716,0.318076640368,0.00106273188226,0.00279726882514,3,sqrt,4,73,192,0.10000000000000001,450,33,0.000843124104862,0.00273028623556,0.00176064971833,0.00258590826983,0.00131826741218,0.00275217298607,0.00107637902733,0.00286448756115,0.000864246162849,0.00281057245854,0.00109127480091,0.00286913722453,0.00201535398566,0.00274339131756,-0.000467440154009,0.00302219454788,0.175058268585,0.0334907977275,0.000697309843694,0.000119660125399
"{'max_leaf_nodes': 4, 'min_samples_leaf': 73, 'n_estimators': 490, 'min_samples_split': 192, 'min_weight_fraction_leaf': 0.20000000000000001, 'max_features': 'sqrt', 'max_depth': 3}",5.12922692299,0.346230536699,0.000600085339903,0.00199325557909,3,sqrt,4,73,192,0.20000000000000001,490,65,0.000452765340164,0.00199859381734,0.0010827723803,0.00185537700253,0.000594572366126,0.00199649689335,0.00061938334674,0.00205355058967,0.000400505758678,0.00205486636233,0.000691981819444,0.00205706481452,0.0015302102884,0.001895245174,-0.000571508580634,0.002034849979,0.167205991429,0.0410369715243,0.000563597204781,7.23607575191e-05
"{'max_leaf_nodes': 4, 'min_samples_leaf': 73, 'n_estimators': 450, 'min_samples_split': 192, 'min_weight_fraction_leaf': 0.20000000000000001, 'max_features': 'sqrt', 'max_depth': 3}",4.5901915133,0.308156818151,0.000593351828884,0.00198606987982,3,sqrt,4,73,192,0.20000000000000001,450,97,0.000438380963143,0.00198959127555,0.00108032671745,0.00184955551883,0.000575766284639,0.00198734272629,0.000600119307776,0.00205169226149,0.000394502925653,0.00204884427989,0.000686862591903,0.00204753363473,0.00151651730362,0.00188546160493,-0.000545661463111,0.0020285377368,0.0972447574076,0.0151913156485,0.000554457672377,7.29729833758e-05
"{'max_leaf_nodes': 5, 'min_samples_leaf': 77, 'n_estimators': 490, 'min_samples_split': 202, 'min_weight_fraction_leaf': 0.10000000000000001, 'max_features': 'sqrt', 'max_depth': 3}",5.68199256063,0.366079717875,0.00124617674302,0.00326079495803,3,sqrt,5,77,202,0.10000000000000001,490,1,0.00110126097727,0.00314632966599,0.00216957185775,0.00302067688267,0.00143948513666,0.00326581326886,0.00118360471502,0.00334748870747,0.00108393607082,0.0032457251941,0.00121538376562,0.00334654888577,0.00224214910401,0.00320159131324,-0.000465977683004,0.00351218574613,0.255806184626,0.0802129367602,0.000779875509006,0.000138104677978
"{'max_leaf_nodes': 5, 'min_samples_leaf': 77, 'n_estimators': 450, 'min_samples_split': 202, 'min_weight_fraction_leaf': 0.10000000000000001, 'max_features': 'sqrt', 'max_depth': 3}",5.12370881438,0.308728426695,0.00124364722996,0.00325273917241,3,sqrt,5,77,202,0.10000000000000001,450,17,0.00112782451937,0.00313898500007,0.00217642419773,0.00302403173846,0.00142545020505,0.00326176907168,0.00117608540537,0.00334673892264,0.00105816192363,0.00324172297628,0.00120266726773,0.003340634108,0.00223085774621,0.00318264522984,-0.000448293425428,0.00348538633231,0.0327541205781,0.00694665639659,0.000774147646989,0.000132782402949
"{'max_leaf_nodes': 5, 'min_samples_leaf': 77, 'n_estimators': 490, 'min_samples_split': 202, 'min_weight_fraction_leaf': 0.20000000000000001, 'max_features': 'sqrt', 'max_depth': 3}",5.65462517738,0.445032209158,0.000600085339903,0.00199325557909,3,sqrt,5,77,202,0.20000000000000001,490,65,0.000452765340164,0.00199859381734,0.0010827723803,0.00185537700253,0.000594572366126,0.00199649689335,0.00061938334674,0.00205355058967,0.000400505758678,0.00205486636233,0.000691981819444,0.00205706481452,0.0015302102884,0.001895245174,-0.000571508580634,0.002034849979,0.840969493963,0.166126033332,0.000563597204781,7.23607575191e-05
"{'max_leaf_nodes': 5, 'min_samples_leaf': 77, 'n_estimators': 450, 'min_samples_split': 202, 'min_weight_fraction_leaf': 0.20000000000000001, 'max_features': 'sqrt', 'max_depth': 3}",5.5017785728,0.380897432566,0.000593351828884,0.00198606987982,3,sqrt,5,77,202,0.20000000000000001,450,97,0.000438380963143,0.00198959127555,0.00108032671745,0.00184955551883,0.000575766284639,0.00198734272629,0.000600119307776,0.00205169226149,0.000394502925653,0.00204884427989,0.000686862591903,0.00204753363473,0.00151651730362,0.00188546160493,-0.000545661463111,0.0020285377368,1.43262091719,0.0921117753243,0.000554457672377,7.29729833758e-05
"{'max_leaf_nodes': 5, 'min_samples_leaf': 77, 'n_estimators': 490, 'min_samples_split': 192, 'min_weight_fraction_leaf': 0.10000000000000001, 'max_features': 'sqrt', 'max_depth': 3}",6.09973707795,0.386610478163,0.00124617674302,0.00326079495803,3,sqrt,5,77,192,0.10000000000000001,490,1,0.00110126097727,0.00314632966599,0.00216957185775,0.00302067688267,0.00143948513666,0.00326581326886,0.00118360471502,0.00334748870747,0.00108393607082,0.0032457251941,0.00121538376562,0.00334654888577,0.00224214910401,0.00320159131324,-0.000465977683004,0.00351218574613,0.303395694656,0.0327147103739,0.000779875509006,0.000138104677978
"{'max_leaf_nodes': 5, 'min_samples_leaf': 77, 'n_estimators': 450, 'min_samples_split': 192, 'min_weight_fraction_leaf': 0.10000000000000001, 'max_features': 'sqrt', 'max_depth': 3}",5.48355165124,0.332815587521,0.00124364722996,0.00325273917241,3,sqrt,5,77,192,0.10000000000000001,450,17,0.00112782451937,0.00313898500007,0.00217642419773,0.00302403173846,0.00142545020505,0.00326176907168,0.00117608540537,0.00334673892264,0.00105816192363,0.00324172297628,0.00120266726773,0.003340634108,0.00223085774621,0.00318264522984,-0.000448293425428,0.00348538633231,0.113770222591,0.0315451802904,0.000774147646989,0.000132782402949
"{'max_leaf_nodes': 5, 'min_samples_leaf': 77, 'n_estimators': 490, 'min_samples_split': 192, 'min_weight_fraction_leaf': 0.20000000000000001, 'max_features': 'sqrt', 'max_depth': 3}",6.14348840714,0.38465783,0.000600085339903,0.00199325557909,3,sqrt,5,77,192,0.20000000000000001,490,65,0.000452765340164,0.00199859381734,0.0010827723803,0.00185537700253,0.000594572366126,0.00199649689335,0.00061938334674,0.00205355058967,0.000400505758678,0.00205486636233,0.000691981819444,0.00205706481452,0.0015302102884,0.001895245174,-0.000571508580634,0.002034849979,1.90769247084,0.0836652597294,0.000563597204781,7.23607575191e-05
"{'max_leaf_nodes': 5, 'min_samples_leaf': 77, 'n_estimators': 450, 'min_samples_split': 192, 'min_weight_fraction_leaf': 0.20000000000000001, 'max_features': 'sqrt', 'max_depth': 3}",4.59759888053,0.322972506285,0.000593351828884,0.00198606987982,3,sqrt,5,77,192,0.20000000000000001,450,97,0.000438380963143,0.00198959127555,0.00108032671745,0.00184955551883,0.000575766284639,0.00198734272629,0.000600119307776,0.00205169226149,0.000394502925653,0.00204884427989,0.000686862591903,0.00204753363473,0.00151651730362,0.00188546160493,-0.000545661463111,0.0020285377368,0.195089300005,0.0480181602422,0.000554457672377,7.29729833758e-05
"{'max_leaf_nodes': 5, 'min_samples_leaf': 73, 'n_estimators': 490, 'min_samples_split': 202, 'min_weight_fraction_leaf': 0.10000000000000001, 'max_features': 'sqrt', 'max_depth': 3}",5.88651549816,0.367787361145,0.00124617674302,0.00326079495803,3,sqrt,5,73,202,0.10000000000000001,490,1,0.00110126097727,0.00314632966599,0.00216957185775,0.00302067688267,0.00143948513666,0.00326581326886,0.00118360471502,0.00334748870747,0.00108393607082,0.0032457251941,0.00121538376562,0.00334654888577,0.00224214910401,0.00320159131324,-0.000465977683004,0.00351218574613,0.348433007986,0.0686206776998,0.000779875509006,0.000138104677978
"{'max_leaf_nodes': 5, 'min_samples_leaf': 73, 'n_estimators': 450, 'min_samples_split': 202, 'min_weight_fraction_leaf': 0.10000000000000001, 'max_features': 'sqrt', 'max_depth': 3}",6.39520826936,0.385242938995,0.00124364722996,0.00325273917241,3,sqrt,5,73,202,0.10000000000000001,450,17,0.00112782451937,0.00313898500007,0.00217642419773,0.00302403173846,0.00142545020505,0.00326176907168,0.00117608540537,0.00334673892264,0.00105816192363,0.00324172297628,0.00120266726773,0.003340634108,0.00223085774621,0.00318264522984,-0.000448293425428,0.00348538633231,0.772082658622,0.0925202763726,0.000774147646989,0.000132782402949
"{'max_leaf_nodes': 5, 'min_samples_leaf': 73, 'n_estimators': 490, 'min_samples_split': 202, 'min_weight_fraction_leaf': 0.20000000000000001, 'max_features': 'sqrt', 'max_depth': 3}",5.1351018548,0.336080342531,0.000600085339903,0.00199325557909,3,sqrt,5,73,202,0.20000000000000001,490,65,0.000452765340164,0.00199859381734,0.0010827723803,0.00185537700253,0.000594572366126,0.00199649689335,0.00061938334674,0.00205355058967,0.000400505758678,0.00205486636233,0.000691981819444,0.00205706481452,0.0015302102884,0.001895245174,-0.000571508580634,0.002034849979,0.104904589108,0.0160598679127,0.000563597204781,7.23607575191e-05
"{'max_leaf_nodes': 5, 'min_samples_leaf': 73, 'n_estimators': 450, 'min_samples_split': 202, 'min_weight_fraction_leaf': 0.20000000000000001, 'max_features': 'sqrt', 'max_depth': 3}",5.470618397,0.406161636114,0.000593351828884,0.00198606987982,3,sqrt,5,73,202,0.20000000000000001,450,97,0.000438380963143,0.00198959127555,0.00108032671745,0.00184955551883,0.000575766284639,0.00198734272629,0.000600119307776,0.00205169226149,0.000394502925653,0.00204884427989,0.000686862591903,0.00204753363473,0.00151651730362,0.00188546160493,-0.000545661463111,0.0020285377368,0.589218271351,0.197058986953,0.000554457672377,7.29729833758e-05
"{'max_leaf_nodes': 5, 'min_samples_leaf': 73, 'n_estimators': 490, 'min_samples_split': 192, 'min_weight_fraction_leaf': 0.10000000000000001, 'max_features': 'sqrt', 'max_depth': 3}",5.84472301602,0.366870135069,0.00124617674302,0.00326079495803,3,sqrt,5,73,192,0.10000000000000001,490,1,0.00110126097727,0.00314632966599,0.00216957185775,0.00302067688267,0.00143948513666,0.00326581326886,0.00118360471502,0.00334748870747,0.00108393607082,0.0032457251941,0.00121538376562,0.00334654888577,0.00224214910401,0.00320159131324,-0.000465977683004,0.00351218574613,0.302015832095,0.0698247747331,0.000779875509006,0.000138104677978
"{'max_leaf_nodes': 5, 'min_samples_leaf': 73, 'n_estimators': 450, 'min_samples_split': 192, 'min_weight_fraction_leaf': 0.10000000000000001, 'max_features': 'sqrt', 'max_depth': 3}",5.83925870061,0.337832599878,0.00124364722996,0.00325273917241,3,sqrt,5,73,192,0.10000000000000001,450,17,0.00112782451937,0.00313898500007,0.00217642419773,0.00302403173846,0.00142545020505,0.00326176907168,0.00117608540537,0.00334673892264,0.00105816192363,0.00324172297628,0.00120266726773,0.003340634108,0.00223085774621,0.00318264522984,-0.000448293425428,0.00348538633231,0.364015876182,0.018590498502,0.000774147646989,0.000132782402949
"{'max_leaf_nodes': 5, 'min_samples_leaf': 73, 'n_estimators': 490, 'min_samples_split': 192, 'min_weight_fraction_leaf': 0.20000000000000001, 'max_features': 'sqrt', 'max_depth': 3}",6.00465551019,0.428267359734,0.000600085339903,0.00199325557909,3,sqrt,5,73,192,0.20000000000000001,490,65,0.000452765340164,0.00199859381734,0.0010827723803,0.00185537700253,0.000594572366126,0.00199649689335,0.00061938334674,0.00205355058967,0.000400505758678,0.00205486636233,0.000691981819444,0.00205706481452,0.0015302102884,0.001895245174,-0.000571508580634,0.002034849979,0.53300019797,0.081696326536,0.000563597204781,7.23607575191e-05
"{'max_leaf_nodes': 5, 'min_samples_leaf': 73, 'n_estimators': 450, 'min_samples_split': 192, 'min_weight_fraction_leaf': 0.20000000000000001, 'max_features': 'sqrt', 'max_depth': 3}",4.9111353755,0.325208872557,0.000593351828884,0.00198606987982,3,sqrt,5,73,192,0.20000000000000001,450,97,0.000438380963143,0.00198959127555,0.00108032671745,0.00184955551883,0.000575766284639,0.00198734272629,0.000600119307776,0.00205169226149,0.000394502925653,0.00204884427989,0.000686862591903,0.00204753363473,0.00151651730362,0.00188546160493,-0.000545661463111,0.0020285377368,0.233085554824,0.0219634291542,0.000554457672377,7.29729833758e-05
"{'max_leaf_nodes': 4, 'min_samples_leaf': 77, 'n_estimators': 490, 'min_samples_split': 202, 'min_weight_fraction_leaf': 0.10000000000000001, 'max_features': 'log2', 'max_depth': 3}",5.63523423672,0.356845289469,0.00106128291679,0.00280487652584,3,log2,4,77,202,0.10000000000000001,490,49,0.000825359923506,0.00274261176763,0.00176241797338,0.00258503078785,0.00132692580528,0.00275846109955,0.00106317193671,0.00287061758425,0.000890934612698,0.00281545619253,0.00109107818141,0.00287251658964,0.00202278264172,0.00275547431011,-0.000492407740373,0.00303884387515,0.143057029488,0.018670769337,0.000705882640799,0.00012275673822
"{'max_leaf_nodes': 4, 'min_samples_leaf': 77, 'n_estimators': 450, 'min_samples_split': 202, 'min_weight_fraction_leaf': 0.10000000000000001, 'max_features': 'log2', 'max_depth': 3}",5.58683821559,0.335222631693,0.00106273188226,0.00279726882514,3,log2,4,77,202,0.10000000000000001,450,33,0.000843124104862,0.00273028623556,0.00176064971833,0.00258590826983,0.00131826741218,0.00275217298607,0.00107637902733,0.00286448756115,0.000864246162849,0.00281057245854,0.00109127480091,0.00286913722453,0.00201535398566,0.00274339131756,-0.000467440154009,0.00302219454788,0.321965799384,0.0216900469391,0.000697309843694,0.000119660125399
"{'max_leaf_nodes': 4, 'min_samples_leaf': 77, 'n_estimators': 490, 'min_samples_split': 202, 'min_weight_fraction_leaf': 0.20000000000000001, 'max_features': 'log2', 'max_depth': 3}",5.84042182565,0.360799312592,0.000600085339903,0.00199325557909,3,log2,4,77,202,0.20000000000000001,490,65,0.000452765340164,0.00199859381734,0.0010827723803,0.00185537700253,0.000594572366126,0.00199649689335,0.00061938334674,0.00205355058967,0.000400505758678,0.00205486636233,0.000691981819444,0.00205706481452,0.0015302102884,0.001895245174,-0.000571508580634,0.002034849979,0.45687228589,0.0253165610603,0.000563597204781,7.23607575191e-05
"{'max_leaf_nodes': 4, 'min_samples_leaf': 77, 'n_estimators': 450, 'min_samples_split': 202, 'min_weight_fraction_leaf': 0.20000000000000001, 'max_features': 'log2', 'max_depth': 3}",4.87278985977,0.336768597364,0.000593351828884,0.00198606987982,3,log2,4,77,202,0.20000000000000001,450,97,0.000438380963143,0.00198959127555,0.00108032671745,0.00184955551883,0.000575766284639,0.00198734272629,0.000600119307776,0.00205169226149,0.000394502925653,0.00204884427989,0.000686862591903,0.00204753363473,0.00151651730362,0.00188546160493,-0.000545661463111,0.0020285377368,0.182045435929,0.0636070078786,0.000554457672377,7.29729833758e-05
"{'max_leaf_nodes': 4, 'min_samples_leaf': 77, 'n_estimators': 490, 'min_samples_split': 192, 'min_weight_fraction_leaf': 0.10000000000000001, 'max_features': 'log2', 'max_depth': 3}",6.3255673945,0.440637767315,0.00106128291679,0.00280487652584,3,log2,4,77,192,0.10000000000000001,490,49,0.000825359923506,0.00274261176763,0.00176241797338,0.00258503078785,0.00132692580528,0.00275846109955,0.00106317193671,0.00287061758425,0.000890934612698,0.00281545619253,0.00109107818141,0.00287251658964,0.00202278264172,0.00275547431011,-0.000492407740373,0.00303884387515,0.732331964146,0.14139480066,0.000705882640799,0.00012275673822
"{'max_leaf_nodes': 4, 'min_samples_leaf': 77, 'n_estimators': 450, 'min_samples_split': 192, 'min_weight_fraction_leaf': 0.10000000000000001, 'max_features': 'log2', 'max_depth': 3}",5.5488088429,0.349947661161,0.00106273188226,0.00279726882514,3,log2,4,77,192,0.10000000000000001,450,33,0.000843124104862,0.00273028623556,0.00176064971833,0.00258590826983,0.00131826741218,0.00275217298607,0.00107637902733,0.00286448756115,0.000864246162849,0.00281057245854,0.00109127480091,0.00286913722453,0.00201535398566,0.00274339131756,-0.000467440154009,0.00302219454788,0.392739164532,0.0378098418035,0.000697309843694,0.000119660125399
"{'max_leaf_nodes': 4, 'min_samples_leaf': 77, 'n_estimators': 490, 'min_samples_split': 192, 'min_weight_fraction_leaf': 0.20000000000000001, 'max_features': 'log2', 'max_depth': 3}",5.39738726616,0.38138911128,0.000600085339903,0.00199325557909,3,log2,4,77,192,0.20000000000000001,490,65,0.000452765340164,0.00199859381734,0.0010827723803,0.00185537700253,0.000594572366126,0.00199649689335,0.00061938334674,0.00205355058967,0.000400505758678,0.00205486636233,0.000691981819444,0.00205706481452,0.0015302102884,0.001895245174,-0.000571508580634,0.002034849979,0.369658377794,0.04742714714,0.000563597204781,7.23607575191e-05
"{'max_leaf_nodes': 4, 'min_samples_leaf': 77, 'n_estimators': 450, 'min_samples_split': 192, 'min_weight_fraction_leaf': 0.20000000000000001, 'max_features': 'log2', 'max_depth': 3}",5.73857501149,0.390706628561,0.000593351828884,0.00198606987982,3,log2,4,77,192,0.20000000000000001,450,97,0.000438380963143,0.00198959127555,0.00108032671745,0.00184955551883,0.000575766284639,0.00198734272629,0.000600119307776,0.00205169226149,0.000394502925653,0.00204884427989,0.000686862591903,0.00204753363473,0.00151651730362,0.00188546160493,-0.000545661463111,0.0020285377368,0.74997561913,0.0863827668516,0.000554457672377,7.29729833758e-05
"{'max_leaf_nodes': 4, 'min_samples_leaf': 73, 'n_estimators': 490, 'min_samples_split': 202, 'min_weight_fraction_leaf': 0.10000000000000001, 'max_features': 'log2', 'max_depth': 3}",6.03382322192,0.429142862558,0.00106128291679,0.00280487652584,3,log2,4,73,202,0.10000000000000001,490,49,0.000825359923506,0.00274261176763,0.00176241797338,0.00258503078785,0.00132692580528,0.00275846109955,0.00106317193671,0.00287061758425,0.000890934612698,0.00281545619253,0.00109107818141,0.00287251658964,0.00202278264172,0.00275547431011,-0.000492407740373,0.00303884387515,0.410849348823,0.111589350178,0.000705882640799,0.00012275673822
"{'max_leaf_nodes': 4, 'min_samples_leaf': 73, 'n_estimators': 450, 'min_samples_split': 202, 'min_weight_fraction_leaf': 0.10000000000000001, 'max_features': 'log2', 'max_depth': 3}",6.78323325515,0.501976460218,0.00106273188226,0.00279726882514,3,log2,4,73,202,0.10000000000000001,450,33,0.000843124104862,0.00273028623556,0.00176064971833,0.00258590826983,0.00131826741218,0.00275217298607,0.00107637902733,0.00286448756115,0.000864246162849,0.00281057245854,0.00109127480091,0.00286913722453,0.00201535398566,0.00274339131756,-0.000467440154009,0.00302219454788,1.07317394977,0.192868087665,0.000697309843694,0.000119660125399
"{'max_leaf_nodes': 4, 'min_samples_leaf': 73, 'n_estimators': 490, 'min_samples_split': 202, 'min_weight_fraction_leaf': 0.20000000000000001, 'max_features': 'log2', 'max_depth': 3}",6.02399477363,0.4203171134,0.000600085339903,0.00199325557909,3,log2,4,73,202,0.20000000000000001,490,65,0.000452765340164,0.00199859381734,0.0010827723803,0.00185537700253,0.000594572366126,0.00199649689335,0.00061938334674,0.00205355058967,0.000400505758678,0.00205486636233,0.000691981819444,0.00205706481452,0.0015302102884,0.001895245174,-0.000571508580634,0.002034849979,0.606619111786,0.0727893382045,0.000563597204781,7.23607575191e-05
"{'max_leaf_nodes': 4, 'min_samples_leaf': 73, 'n_estimators': 450, 'min_samples_split': 202, 'min_weight_fraction_leaf': 0.20000000000000001, 'max_features': 'log2', 'max_depth': 3}",5.5330016315,0.352222084999,0.000593351828884,0.00198606987982,3,log2,4,73,202,0.20000000000000001,450,97,0.000438380963143,0.00198959127555,0.00108032671745,0.00184955551883,0.000575766284639,0.00198734272629,0.000600119307776,0.00205169226149,0.000394502925653,0.00204884427989,0.000686862591903,0.00204753363473,0.00151651730362,0.00188546160493,-0.000545661463111,0.0020285377368,0.56896002472,0.0400901823949,0.000554457672377,7.29729833758e-05
"{'max_leaf_nodes': 4, 'min_samples_leaf': 73, 'n_estimators': 490, 'min_samples_split': 192, 'min_weight_fraction_leaf': 0.10000000000000001, 'max_features': 'log2', 'max_depth': 3}",5.6175262332,0.343542128801,0.00106128291679,0.00280487652584,3,log2,4,73,192,0.10000000000000001,490,49,0.000825359923506,0.00274261176763,0.00176241797338,0.00258503078785,0.00132692580528,0.00275846109955,0.00106317193671,0.00287061758425,0.000890934612698,0.00281545619253,0.00109107818141,0.00287251658964,0.00202278264172,0.00275547431011,-0.000492407740373,0.00303884387515,0.255875148783,0.0156657411356,0.000705882640799,0.00012275673822
"{'max_leaf_nodes': 4, 'min_samples_leaf': 73, 'n_estimators': 450, 'min_samples_split': 192, 'min_weight_fraction_leaf': 0.10000000000000001, 'max_features': 'log2', 'max_depth': 3}",4.94961693883,0.306681513786,0.00106273188226,0.00279726882514,3,log2,4,73,192,0.10000000000000001,450,33,0.000843124104862,0.00273028623556,0.00176064971833,0.00258590826983,0.00131826741218,0.00275217298607,0.00107637902733,0.00286448756115,0.000864246162849,0.00281057245854,0.00109127480091,0.00286913722453,0.00201535398566,0.00274339131756,-0.000467440154009,0.00302219454788,0.07183146151,0.0102790063736,0.000697309843694,0.000119660125399
"{'max_leaf_nodes': 4, 'min_samples_leaf': 73, 'n_estimators': 490, 'min_samples_split': 192, 'min_weight_fraction_leaf': 0.20000000000000001, 'max_features': 'log2', 'max_depth': 3}",5.45358589292,0.398270487785,0.000600085339903,0.00199325557909,3,log2,4,73,192,0.20000000000000001,490,65,0.000452765340164,0.00199859381734,0.0010827723803,0.00185537700253,0.000594572366126,0.00199649689335,0.00061938334674,0.00205355058967,0.000400505758678,0.00205486636233,0.000691981819444,0.00205706481452,0.0015302102884,0.001895245174,-0.000571508580634,0.002034849979,0.407086964984,0.0735152484548,0.000563597204781,7.23607575191e-05
"{'max_leaf_nodes': 4, 'min_samples_leaf': 73, 'n_estimators': 450, 'min_samples_split': 192, 'min_weight_fraction_leaf': 0.20000000000000001, 'max_features': 'log2', 'max_depth': 3}",6.39723700285,0.433582961559,0.000593351828884,0.00198606987982,3,log2,4,73,192,0.20000000000000001,450,97,0.000438380963143,0.00198959127555,0.00108032671745,0.00184955551883,0.000575766284639,0.00198734272629,0.000600119307776,0.00205169226149,0.000394502925653,0.00204884427989,0.000686862591903,0.00204753363473,0.00151651730362,0.00188546160493,-0.000545661463111,0.0020285377368,1.93596615135,0.16772806687,0.000554457672377,7.29729833758e-05
"{'max_leaf_nodes': 5, 'min_samples_leaf': 77, 'n_estimators': 490, 'min_samples_split': 202, 'min_weight_fraction_leaf': 0.10000000000000001, 'max_features': 'log2', 'max_depth': 3}",6.06869423389,0.351430356503,0.00124617674302,0.00326079495803,3,log2,5,77,202,0.10000000000000001,490,1,0.00110126097727,0.00314632966599,0.00216957185775,0.00302067688267,0.00143948513666,0.00326581326886,0.00118360471502,0.00334748870747,0.00108393607082,0.0032457251941,0.00121538376562,0.00334654888577,0.00224214910401,0.00320159131324,-0.000465977683004,0.00351218574613,0.743677931145,0.018234416994,0.000779875509006,0.000138104677978
"{'max_leaf_nodes': 5, 'min_samples_leaf': 77, 'n_estimators': 450, 'min_samples_split': 202, 'min_weight_fraction_leaf': 0.10000000000000001, 'max_features': 'log2', 'max_depth': 3}",5.66222575307,0.356608241796,0.00124364722996,0.00325273917241,3,log2,5,77,202,0.10000000000000001,450,17,0.00112782451937,0.00313898500007,0.00217642419773,0.00302403173846,0.00142545020505,0.00326176907168,0.00117608540537,0.00334673892264,0.00105816192363,0.00324172297628,0.00120266726773,0.003340634108,0.00223085774621,0.00318264522984,-0.000448293425428,0.00348538633231,0.462290210378,0.0573038985347,0.000774147646989,0.000132782402949
"{'max_leaf_nodes': 5, 'min_samples_leaf': 77, 'n_estimators': 490, 'min_samples_split': 202, 'min_weight_fraction_leaf': 0.20000000000000001, 'max_features': 'log2', 'max_depth': 3}",5.13259759545,0.339911162853,0.000600085339903,0.00199325557909,3,log2,5,77,202,0.20000000000000001,490,65,0.000452765340164,0.00199859381734,0.0010827723803,0.00185537700253,0.000594572366126,0.00199649689335,0.00061938334674,0.00205355058967,0.000400505758678,0.00205486636233,0.000691981819444,0.00205706481452,0.0015302102884,0.001895245174,-0.000571508580634,0.002034849979,0.0599417704455,0.0149878156302,0.000563597204781,7.23607575191e-05
"{'max_leaf_nodes': 5, 'min_samples_leaf': 77, 'n_estimators': 450, 'min_samples_split': 202, 'min_weight_fraction_leaf': 0.20000000000000001, 'max_features': 'log2', 'max_depth': 3}",4.68194279075,0.320827573538,0.000593351828884,0.00198606987982,3,log2,5,77,202,0.20000000000000001,450,97,0.000438380963143,0.00198959127555,0.00108032671745,0.00184955551883,0.000575766284639,0.00198734272629,0.000600119307776,0.00205169226149,0.000394502925653,0.00204884427989,0.000686862591903,0.00204753363473,0.00151651730362,0.00188546160493,-0.000545661463111,0.0020285377368,0.0741443423893,0.0148171902084,0.000554457672377,7.29729833758e-05
"{'max_leaf_nodes': 5, 'min_samples_leaf': 77, 'n_estimators': 490, 'min_samples_split': 192, 'min_weight_fraction_leaf': 0.10000000000000001, 'max_features': 'log2', 'max_depth': 3}",5.70985177159,0.376304239035,0.00124617674302,0.00326079495803,3,log2,5,77,192,0.10000000000000001,490,1,0.00110126097727,0.00314632966599,0.00216957185775,0.00302067688267,0.00143948513666,0.00326581326886,0.00118360471502,0.00334748870747,0.00108393607082,0.0032457251941,0.00121538376562,0.00334654888577,0.00224214910401,0.00320159131324,-0.000465977683004,0.00351218574613,0.0506181697861,0.0143431511549,0.000779875509006,0.000138104677978
"{'max_leaf_nodes': 5, 'min_samples_leaf': 77, 'n_estimators': 450, 'min_samples_split': 192, 'min_weight_fraction_leaf': 0.10000000000000001, 'max_features': 'log2', 'max_depth': 3}",5.33734187484,0.33238402009,0.00124364722996,0.00325273917241,3,log2,5,77,192,0.10000000000000001,450,17,0.00112782451937,0.00313898500007,0.00217642419773,0.00302403173846,0.00142545020505,0.00326176907168,0.00117608540537,0.00334673892264,0.00105816192363,0.00324172297628,0.00120266726773,0.003340634108,0.00223085774621,0.00318264522984,-0.000448293425428,0.00348538633231,0.093486102834,0.0158006145587,0.000774147646989,0.000132782402949
"{'max_leaf_nodes': 5, 'min_samples_leaf': 77, 'n_estimators': 490, 'min_samples_split': 192, 'min_weight_fraction_leaf': 0.20000000000000001, 'max_features': 'log2', 'max_depth': 3}",5.13731741905,0.351787090302,0.000600085339903,0.00199325557909,3,log2,5,77,192,0.20000000000000001,490,65,0.000452765340164,0.00199859381734,0.0010827723803,0.00185537700253,0.000594572366126,0.00199649689335,0.00061938334674,0.00205355058967,0.000400505758678,0.00205486636233,0.000691981819444,0.00205706481452,0.0015302102884,0.001895245174,-0.000571508580634,0.002034849979,0.0774581512911,0.0233504521082,0.000563597204781,7.23607575191e-05
"{'max_leaf_nodes': 5, 'min_samples_leaf': 77, 'n_estimators': 450, 'min_samples_split': 192, 'min_weight_fraction_leaf': 0.20000000000000001, 'max_features': 'log2', 'max_depth': 3}",4.795073241,0.32989025116,0.000593351828884,0.00198606987982,3,log2,5,77,192,0.20000000000000001,450,97,0.000438380963143,0.00198959127555,0.00108032671745,0.00184955551883,0.000575766284639,0.00198734272629,0.000600119307776,0.00205169226149,0.000394502925653,0.00204884427989,0.000686862591903,0.00204753363473,0.00151651730362,0.00188546160493,-0.000545661463111,0.0020285377368,0.124088116815,0.0272472404488,0.000554457672377,7.29729833758e-05
"{'max_leaf_nodes': 5, 'min_samples_leaf': 73, 'n_estimators': 490, 'min_samples_split': 202, 'min_weight_fraction_leaf': 0.10000000000000001, 'max_features': 'log2', 'max_depth': 3}",6.6270493865,0.402011215687,0.00124617674302,0.00326079495803,3,log2,5,73,202,0.10000000000000001,490,1,0.00110126097727,0.00314632966599,0.00216957185775,0.00302067688267,0.00143948513666,0.00326581326886,0.00118360471502,0.00334748870747,0.00108393607082,0.0032457251941,0.00121538376562,0.00334654888577,0.00224214910401,0.00320159131324,-0.000465977683004,0.00351218574613,0.734033517414,0.0867745813343,0.000779875509006,0.000138104677978
"{'max_leaf_nodes': 5, 'min_samples_leaf': 73, 'n_estimators': 450, 'min_samples_split': 202, 'min_weight_fraction_leaf': 0.10000000000000001, 'max_features': 'log2', 'max_depth': 3}",5.6990391016,0.363867998123,0.00124364722996,0.00325273917241,3,log2,5,73,202,0.10000000000000001,450,17,0.00112782451937,0.00313898500007,0.00217642419773,0.00302403173846,0.00142545020505,0.00326176907168,0.00117608540537,0.00334673892264,0.00105816192363,0.00324172297628,0.00120266726773,0.003340634108,0.00223085774621,0.00318264522984,-0.000448293425428,0.00348538633231,0.382392357554,0.0773519638492,0.000774147646989,0.000132782402949
"{'max_leaf_nodes': 5, 'min_samples_leaf': 73, 'n_estimators': 490, 'min_samples_split': 202, 'min_weight_fraction_leaf': 0.20000000000000001, 'max_features': 'log2', 'max_depth': 3}",5.6527762115,0.395768105984,0.000600085339903,0.00199325557909,3,log2,5,73,202,0.20000000000000001,490,65,0.000452765340164,0.00199859381734,0.0010827723803,0.00185537700253,0.000594572366126,0.00199649689335,0.00061938334674,0.00205355058967,0.000400505758678,0.00205486636233,0.000691981819444,0.00205706481452,0.0015302102884,0.001895245174,-0.000571508580634,0.002034849979,0.851716876135,0.0570799359066,0.000563597204781,7.23607575191e-05
"{'max_leaf_nodes': 5, 'min_samples_leaf': 73, 'n_estimators': 450, 'min_samples_split': 202, 'min_weight_fraction_leaf': 0.20000000000000001, 'max_features': 'log2', 'max_depth': 3}",5.01859337091,0.323673397303,0.000593351828884,0.00198606987982,3,log2,5,73,202,0.20000000000000001,450,97,0.000438380963143,0.00198959127555,0.00108032671745,0.00184955551883,0.000575766284639,0.00198734272629,0.000600119307776,0.00205169226149,0.000394502925653,0.00204884427989,0.000686862591903,0.00204753363473,0.00151651730362,0.00188546160493,-0.000545661463111,0.0020285377368,0.440851500847,0.0245646265358,0.000554457672377,7.29729833758e-05
"{'max_leaf_nodes': 5, 'min_samples_leaf': 73, 'n_estimators': 490, 'min_samples_split': 192, 'min_weight_fraction_leaf': 0.10000000000000001, 'max_features': 'log2', 'max_depth': 3}",6.63051387668,0.370066761971,0.00124617674302,0.00326079495803,3,log2,5,73,192,0.10000000000000001,490,1,0.00110126097727,0.00314632966599,0.00216957185775,0.00302067688267,0.00143948513666,0.00326581326886,0.00118360471502,0.00334748870747,0.00108393607082,0.0032457251941,0.00121538376562,0.00334654888577,0.00224214910401,0.00320159131324,-0.000465977683004,0.00351218574613,0.822811107257,0.0503874049304,0.000779875509006,0.000138104677978
"{'max_leaf_nodes': 5, 'min_samples_leaf': 73, 'n_estimators': 450, 'min_samples_split': 192, 'min_weight_fraction_leaf': 0.10000000000000001, 'max_features': 'log2', 'max_depth': 3}",5.91637158394,0.363376885653,0.00124364722996,0.00325273917241,3,log2,5,73,192,0.10000000000000001,450,17,0.00112782451937,0.00313898500007,0.00217642419773,0.00302403173846,0.00142545020505,0.00326176907168,0.00117608540537,0.00334673892264,0.00105816192363,0.00324172297628,0.00120266726773,0.003340634108,0.00223085774621,0.00318264522984,-0.000448293425428,0.00348538633231,0.454210027637,0.0508052161727,0.000774147646989,0.000132782402949
"{'max_leaf_nodes': 5, 'min_samples_leaf': 73, 'n_estimators': 490, 'min_samples_split': 192, 'min_weight_fraction_leaf': 0.20000000000000001, 'max_features': 'log2', 'max_depth': 3}",5.44921272993,0.337971359491,0.000600085339903,0.00199325557909,3,log2,5,73,192,0.20000000000000001,490,65,0.000452765340164,0.00199859381734,0.0010827723803,0.00185537700253,0.000594572366126,0.00199649689335,0.00061938334674,0.00205355058967,0.000400505758678,0.00205486636233,0.000691981819444,0.00205706481452,0.0015302102884,0.001895245174,-0.000571508580634,0.002034849979,0.57716018483,0.0228634794523,0.000563597204781,7.23607575191e-05
"{'max_leaf_nodes': 5, 'min_samples_leaf': 73, 'n_estimators': 450, 'min_samples_split': 192, 'min_weight_fraction_leaf': 0.20000000000000001, 'max_features': 'log2', 'max_depth': 3}",5.08373117447,0.379363358021,0.000593351828884,0.00198606987982,3,log2,5,73,192,0.20000000000000001,450,97,0.000438380963143,0.00198959127555,0.00108032671745,0.00184955551883,0.000575766284639,0.00198734272629,0.000600119307776,0.00205169226149,0.000394502925653,0.00204884427989,0.000686862591903,0.00204753363473,0.00151651730362,0.00188546160493,-0.000545661463111,0.0020285377368,0.208003633635,0.0678953779618,0.000554457672377,7.29729833758e-05
"{'max_leaf_nodes': 4, 'min_samples_leaf': 77, 'n_estimators': 490, 'min_samples_split': 202, 'min_weight_fraction_leaf': 0.10000000000000001, 'max_features': 'sqrt', 'max_depth': 4}",5.62519174814,0.376964896917,0.00106128291679,0.00280487652584,4,sqrt,4,77,202,0.10000000000000001,490,49,0.000825359923506,0.00274261176763,0.00176241797338,0.00258503078785,0.00132692580528,0.00275846109955,0.00106317193671,0.00287061758425,0.000890934612698,0.00281545619253,0.00109107818141,0.00287251658964,0.00202278264172,0.00275547431011,-0.000492407740373,0.00303884387515,0.258060970983,0.0362598421834,0.000705882640799,0.00012275673822
"{'max_leaf_nodes': 4, 'min_samples_leaf': 77, 'n_estimators': 450, 'min_samples_split': 202, 'min_weight_fraction_leaf': 0.10000000000000001, 'max_features': 'sqrt', 'max_depth': 4}",5.25824934244,0.355193644762,0.00106273188226,0.00279726882514,4,sqrt,4,77,202,0.10000000000000001,450,33,0.000843124104862,0.00273028623556,0.00176064971833,0.00258590826983,0.00131826741218,0.00275217298607,0.00107637902733,0.00286448756115,0.000864246162849,0.00281057245854,0.00109127480091,0.00286913722453,0.00201535398566,0.00274339131756,-0.000467440154009,0.00302219454788,0.276614650385,0.0762992149961,0.000697309843694,0.000119660125399
"{'max_leaf_nodes': 4, 'min_samples_leaf': 77, 'n_estimators': 490, 'min_samples_split': 202, 'min_weight_fraction_leaf': 0.20000000000000001, 'max_features': 'sqrt', 'max_depth': 4}",5.28110522032,0.358668118715,0.000600085339903,0.00199325557909,4,sqrt,4,77,202,0.20000000000000001,490,65,0.000452765340164,0.00199859381734,0.0010827723803,0.00185537700253,0.000594572366126,0.00199649689335,0.00061938334674,0.00205355058967,0.000400505758678,0.00205486636233,0.000691981819444,0.00205706481452,0.0015302102884,0.001895245174,-0.000571508580634,0.002034849979,0.184972724752,0.0265403988018,0.000563597204781,7.23607575191e-05
"{'max_leaf_nodes': 4, 'min_samples_leaf': 77, 'n_estimators': 450, 'min_samples_split': 202, 'min_weight_fraction_leaf': 0.20000000000000001, 'max_features': 'sqrt', 'max_depth': 4}",4.88865599036,0.334157645702,0.000593351828884,0.00198606987982,4,sqrt,4,77,202,0.20000000000000001,450,97,0.000438380963143,0.00198959127555,0.00108032671745,0.00184955551883,0.000575766284639,0.00198734272629,0.000600119307776,0.00205169226149,0.000394502925653,0.00204884427989,0.000686862591903,0.00204753363473,0.00151651730362,0.00188546160493,-0.000545661463111,0.0020285377368,0.106101481514,0.021588669483,0.000554457672377,7.29729833758e-05
"{'max_leaf_nodes': 4, 'min_samples_leaf': 77, 'n_estimators': 490, 'min_samples_split': 192, 'min_weight_fraction_leaf': 0.10000000000000001, 'max_features': 'sqrt', 'max_depth': 4}",5.48147076368,0.344143241644,0.00106128291679,0.00280487652584,4,sqrt,4,77,192,0.10000000000000001,490,49,0.000825359923506,0.00274261176763,0.00176241797338,0.00258503078785,0.00132692580528,0.00275846109955,0.00106317193671,0.00287061758425,0.000890934612698,0.00281545619253,0.00109107818141,0.00287251658964,0.00202278264172,0.00275547431011,-0.000492407740373,0.00303884387515,0.0751873485021,0.0181887554629,0.000705882640799,0.00012275673822
"{'max_leaf_nodes': 4, 'min_samples_leaf': 77, 'n_estimators': 450, 'min_samples_split': 192, 'min_weight_fraction_leaf': 0.10000000000000001, 'max_features': 'sqrt', 'max_depth': 4}",5.60030087829,0.362671643496,0.00106273188226,0.00279726882514,4,sqrt,4,77,192,0.10000000000000001,450,33,0.000843124104862,0.00273028623556,0.00176064971833,0.00258590826983,0.00131826741218,0.00275217298607,0.00107637902733,0.00286448756115,0.000864246162849,0.00281057245854,0.00109127480091,0.00286913722453,0.00201535398566,0.00274339131756,-0.000467440154009,0.00302219454788,0.942493525355,0.0645462005279,0.000697309843694,0.000119660125399
"{'max_leaf_nodes': 4, 'min_samples_leaf': 77, 'n_estimators': 490, 'min_samples_split': 192, 'min_weight_fraction_leaf': 0.20000000000000001, 'max_features': 'sqrt', 'max_depth': 4}",5.5132483542,0.366359114647,0.000600085339903,0.00199325557909,4,sqrt,4,77,192,0.20000000000000001,490,65,0.000452765340164,0.00199859381734,0.0010827723803,0.00185537700253,0.000594572366126,0.00199649689335,0.00061938334674,0.00205355058967,0.000400505758678,0.00205486636233,0.000691981819444,0.00205706481452,0.0015302102884,0.001895245174,-0.000571508580634,0.002034849979,0.161397617021,0.0452086387457,0.000563597204781,7.23607575191e-05
"{'max_leaf_nodes': 4, 'min_samples_leaf': 77, 'n_estimators': 450, 'min_samples_split': 192, 'min_weight_fraction_leaf': 0.20000000000000001, 'max_features': 'sqrt', 'max_depth': 4}",5.34144386649,0.476809114218,0.000593351828884,0.00198606987982,4,sqrt,4,77,192,0.20000000000000001,450,97,0.000438380963143,0.00198959127555,0.00108032671745,0.00184955551883,0.000575766284639,0.00198734272629,0.000600119307776,0.00205169226149,0.000394502925653,0.00204884427989,0.000686862591903,0.00204753363473,0.00151651730362,0.00188546160493,-0.000545661463111,0.0020285377368,0.623935127386,0.316470180168,0.000554457672377,7.29729833758e-05
"{'max_leaf_nodes': 4, 'min_samples_leaf': 73, 'n_estimators': 490, 'min_samples_split': 202, 'min_weight_fraction_leaf': 0.10000000000000001, 'max_features': 'sqrt', 'max_depth': 4}",6.99561789632,0.416787713766,0.00106128291679,0.00280487652584,4,sqrt,4,73,202,0.10000000000000001,490,49,0.000825359923506,0.00274261176763,0.00176241797338,0.00258503078785,0.00132692580528,0.00275846109955,0.00106317193671,0.00287061758425,0.000890934612698,0.00281545619253,0.00109107818141,0.00287251658964,0.00202278264172,0.00275547431011,-0.000492407740373,0.00303884387515,1.46262882618,0.042301919505,0.000705882640799,0.00012275673822
"{'max_leaf_nodes': 4, 'min_samples_leaf': 73, 'n_estimators': 450, 'min_samples_split': 202, 'min_weight_fraction_leaf': 0.10000000000000001, 'max_features': 'sqrt', 'max_depth': 4}",5.82861289382,0.376294732094,0.00106273188226,0.00279726882514,4,sqrt,4,73,202,0.10000000000000001,450,33,0.000843124104862,0.00273028623556,0.00176064971833,0.00258590826983,0.00131826741218,0.00275217298607,0.00107637902733,0.00286448756115,0.000864246162849,0.00281057245854,0.00109127480091,0.00286913722453,0.00201535398566,0.00274339131756,-0.000467440154009,0.00302219454788,0.66946995084,0.0785944421566,0.000697309843694,0.000119660125399
"{'max_leaf_nodes': 4, 'min_samples_leaf': 73, 'n_estimators': 490, 'min_samples_split': 202, 'min_weight_fraction_leaf': 0.20000000000000001, 'max_features': 'sqrt', 'max_depth': 4}",5.46311986446,0.353939563036,0.000600085339903,0.00199325557909,4,sqrt,4,73,202,0.20000000000000001,490,65,0.000452765340164,0.00199859381734,0.0010827723803,0.00185537700253,0.000594572366126,0.00199649689335,0.00061938334674,0.00205355058967,0.000400505758678,0.00205486636233,0.000691981819444,0.00205706481452,0.0015302102884,0.001895245174,-0.000571508580634,0.002034849979,0.665458882373,0.0182731545922,0.000563597204781,7.23607575191e-05
"{'max_leaf_nodes': 4, 'min_samples_leaf': 73, 'n_estimators': 450, 'min_samples_split': 202, 'min_weight_fraction_leaf': 0.20000000000000001, 'max_features': 'sqrt', 'max_depth': 4}",4.73348942399,0.315554708242,0.000593351828884,0.00198606987982,4,sqrt,4,73,202,0.20000000000000001,450,97,0.000438380963143,0.00198959127555,0.00108032671745,0.00184955551883,0.000575766284639,0.00198734272629,0.000600119307776,0.00205169226149,0.000394502925653,0.00204884427989,0.000686862591903,0.00204753363473,0.00151651730362,0.00188546160493,-0.000545661463111,0.0020285377368,0.114386575721,0.0159800446077,0.000554457672377,7.29729833758e-05
"{'max_leaf_nodes': 4, 'min_samples_leaf': 73, 'n_estimators': 490, 'min_samples_split': 192, 'min_weight_fraction_leaf': 0.10000000000000001, 'max_features': 'sqrt', 'max_depth': 4}",6.0516332984,0.363642215729,0.00106128291679,0.00280487652584,4,sqrt,4,73,192,0.10000000000000001,490,49,0.000825359923506,0.00274261176763,0.00176241797338,0.00258503078785,0.00132692580528,0.00275846109955,0.00106317193671,0.00287061758425,0.000890934612698,0.00281545619253,0.00109107818141,0.00287251658964,0.00202278264172,0.00275547431011,-0.000492407740373,0.00303884387515,0.642852827571,0.0231669449104,0.000705882640799,0.00012275673822
"{'max_leaf_nodes': 4, 'min_samples_leaf': 73, 'n_estimators': 450, 'min_samples_split': 192, 'min_weight_fraction_leaf': 0.10000000000000001, 'max_features': 'sqrt', 'max_depth': 4}",5.22033929825,0.34095069766,0.00106273188226,0.00279726882514,4,sqrt,4,73,192,0.10000000000000001,450,33,0.000843124104862,0.00273028623556,0.00176064971833,0.00258590826983,0.00131826741218,0.00275217298607,0.00107637902733,0.00286448756115,0.000864246162849,0.00281057245854,0.00109127480091,0.00286913722453,0.00201535398566,0.00274339131756,-0.000467440154009,0.00302219454788,0.0523130788527,0.0209907697737,0.000697309843694,0.000119660125399
"{'max_leaf_nodes': 4, 'min_samples_leaf': 73, 'n_estimators': 490, 'min_samples_split': 192, 'min_weight_fraction_leaf': 0.20000000000000001, 'max_features': 'sqrt', 'max_depth': 4}",5.53883939981,0.372556775808,0.000600085339903,0.00199325557909,4,sqrt,4,73,192,0.20000000000000001,490,65,0.000452765340164,0.00199859381734,0.0010827723803,0.00185537700253,0.000594572366126,0.00199649689335,0.00061938334674,0.00205355058967,0.000400505758678,0.00205486636233,0.000691981819444,0.00205706481452,0.0015302102884,0.001895245174,-0.000571508580634,0.002034849979,0.24822377169,0.0322143223137,0.000563597204781,7.23607575191e-05
"{'max_leaf_nodes': 4, 'min_samples_leaf': 73, 'n_estimators': 450, 'min_samples_split': 192, 'min_weight_fraction_leaf': 0.20000000000000001, 'max_features': 'sqrt', 'max_depth': 4}",4.9479187429,0.340382933617,0.000593351828884,0.00198606987982,4,sqrt,4,73,192,0.20000000000000001,450,97,0.000438380963143,0.00198959127555,0.00108032671745,0.00184955551883,0.000575766284639,0.00198734272629,0.000600119307776,0.00205169226149,0.000394502925653,0.00204884427989,0.000686862591903,0.00204753363473,0.00151651730362,0.00188546160493,-0.000545661463111,0.0020285377368,0.188851101636,0.037879352321,0.000554457672377,7.29729833758e-05
"{'max_leaf_nodes': 5, 'min_samples_leaf': 77, 'n_estimators': 490, 'min_samples_split': 202, 'min_weight_fraction_leaf': 0.10000000000000001, 'max_features': 'sqrt', 'max_depth': 4}",6.81015712023,0.382977515459,0.00124617674302,0.00326079495803,4,sqrt,5,77,202,0.10000000000000001,490,1,0.00110126097727,0.00314632966599,0.00216957185775,0.00302067688267,0.00143948513666,0.00326581326886,0.00118360471502,0.00334748870747,0.00108393607082,0.0032457251941,0.00121538376562,0.00334654888577,0.00224214910401,0.00320159131324,-0.000465977683004,0.00351218574613,0.657063423878,0.0531219927079,0.000779875509006,0.000138104677978
"{'max_leaf_nodes': 5, 'min_samples_leaf': 77, 'n_estimators': 450, 'min_samples_split': 202, 'min_weight_fraction_leaf': 0.10000000000000001, 'max_features': 'sqrt', 'max_depth': 4}",5.58537423611,0.322340816259,0.00124364722996,0.00325273917241,4,sqrt,5,77,202,0.10000000000000001,450,17,0.00112782451937,0.00313898500007,0.00217642419773,0.00302403173846,0.00142545020505,0.00326176907168,0.00117608540537,0.00334673892264,0.00105816192363,0.00324172297628,0.00120266726773,0.003340634108,0.00223085774621,0.00318264522984,-0.000448293425428,0.00348538633231,0.112271910022,0.0120467120132,0.000774147646989,0.000132782402949
"{'max_leaf_nodes': 5, 'min_samples_leaf': 77, 'n_estimators': 490, 'min_samples_split': 202, 'min_weight_fraction_leaf': 0.20000000000000001, 'max_features': 'sqrt', 'max_depth': 4}",5.42432555556,0.397885501385,0.000600085339903,0.00199325557909,4,sqrt,5,77,202,0.20000000000000001,490,65,0.000452765340164,0.00199859381734,0.0010827723803,0.00185537700253,0.000594572366126,0.00199649689335,0.00061938334674,0.00205355058967,0.000400505758678,0.00205486636233,0.000691981819444,0.00205706481452,0.0015302102884,0.001895245174,-0.000571508580634,0.002034849979,0.285479246777,0.0644777527493,0.000563597204781,7.23607575191e-05
"{'max_leaf_nodes': 5, 'min_samples_leaf': 77, 'n_estimators': 450, 'min_samples_split': 202, 'min_weight_fraction_leaf': 0.20000000000000001, 'max_features': 'sqrt', 'max_depth': 4}",5.02820512652,0.345293700695,0.000593351828884,0.00198606987982,4,sqrt,5,77,202,0.20000000000000001,450,97,0.000438380963143,0.00198959127555,0.00108032671745,0.00184955551883,0.000575766284639,0.00198734272629,0.000600119307776,0.00205169226149,0.000394502925653,0.00204884427989,0.000686862591903,0.00204753363473,0.00151651730362,0.00188546160493,-0.000545661463111,0.0020285377368,0.11496984996,0.0326439537388,0.000554457672377,7.29729833758e-05
"{'max_leaf_nodes': 5, 'min_samples_leaf': 77, 'n_estimators': 490, 'min_samples_split': 192, 'min_weight_fraction_leaf': 0.10000000000000001, 'max_features': 'sqrt', 'max_depth': 4}",6.90545931458,0.442764401436,0.00124617674302,0.00326079495803,4,sqrt,5,77,192,0.10000000000000001,490,1,0.00110126097727,0.00314632966599,0.00216957185775,0.00302067688267,0.00143948513666,0.00326581326886,0.00118360471502,0.00334748870747,0.00108393607082,0.0032457251941,0.00121538376562,0.00334654888577,0.00224214910401,0.00320159131324,-0.000465977683004,0.00351218574613,0.617941850055,0.0830685403988,0.000779875509006,0.000138104677978
"{'max_leaf_nodes': 5, 'min_samples_leaf': 77, 'n_estimators': 450, 'min_samples_split': 192, 'min_weight_fraction_leaf': 0.10000000000000001, 'max_features': 'sqrt', 'max_depth': 4}",5.4679363668,0.324998497963,0.00124364722996,0.00325273917241,4,sqrt,5,77,192,0.10000000000000001,450,17,0.00112782451937,0.00313898500007,0.00217642419773,0.00302403173846,0.00142545020505,0.00326176907168,0.00117608540537,0.00334673892264,0.00105816192363,0.00324172297628,0.00120266726773,0.003340634108,0.00223085774621,0.00318264522984,-0.000448293425428,0.00348538633231,0.0773082866391,0.0154217242415,0.000774147646989,0.000132782402949
"{'max_leaf_nodes': 5, 'min_samples_leaf': 77, 'n_estimators': 490, 'min_samples_split': 192, 'min_weight_fraction_leaf': 0.20000000000000001, 'max_features': 'sqrt', 'max_depth': 4}",6.12280893326,0.4107414186,0.000600085339903,0.00199325557909,4,sqrt,5,77,192,0.20000000000000001,490,65,0.000452765340164,0.00199859381734,0.0010827723803,0.00185537700253,0.000594572366126,0.00199649689335,0.00061938334674,0.00205355058967,0.000400505758678,0.00205486636233,0.000691981819444,0.00205706481452,0.0015302102884,0.001895245174,-0.000571508580634,0.002034849979,0.98897187196,0.0727129368247,0.000563597204781,7.23607575191e-05
"{'max_leaf_nodes': 5, 'min_samples_leaf': 77, 'n_estimators': 450, 'min_samples_split': 192, 'min_weight_fraction_leaf': 0.20000000000000001, 'max_features': 'sqrt', 'max_depth': 4}",5.0585552454,0.383703291416,0.000593351828884,0.00198606987982,4,sqrt,5,77,192,0.20000000000000001,450,97,0.000438380963143,0.00198959127555,0.00108032671745,0.00184955551883,0.000575766284639,0.00198734272629,0.000600119307776,0.00205169226149,0.000394502925653,0.00204884427989,0.000686862591903,0.00204753363473,0.00151651730362,0.00188546160493,-0.000545661463111,0.0020285377368,0.479674252776,0.147482563803,0.000554457672377,7.29729833758e-05
"{'max_leaf_nodes': 5, 'min_samples_leaf': 73, 'n_estimators': 490, 'min_samples_split': 202, 'min_weight_fraction_leaf': 0.10000000000000001, 'max_features': 'sqrt', 'max_depth': 4}",6.51366749406,0.372383236885,0.00124617674302,0.00326079495803,4,sqrt,5,73,202,0.10000000000000001,490,1,0.00110126097727,0.00314632966599,0.00216957185775,0.00302067688267,0.00143948513666,0.00326581326886,0.00118360471502,0.00334748870747,0.00108393607082,0.0032457251941,0.00121538376562,0.00334654888577,0.00224214910401,0.00320159131324,-0.000465977683004,0.00351218574613,0.232578696684,0.0180188721323,0.000779875509006,0.000138104677978
"{'max_leaf_nodes': 5, 'min_samples_leaf': 73, 'n_estimators': 450, 'min_samples_split': 202, 'min_weight_fraction_leaf': 0.10000000000000001, 'max_features': 'sqrt', 'max_depth': 4}",6.05650991201,0.40749001503,0.00124364722996,0.00325273917241,4,sqrt,5,73,202,0.10000000000000001,450,17,0.00112782451937,0.00313898500007,0.00217642419773,0.00302403173846,0.00142545020505,0.00326176907168,0.00117608540537,0.00334673892264,0.00105816192363,0.00324172297628,0.00120266726773,0.003340634108,0.00223085774621,0.00318264522984,-0.000448293425428,0.00348538633231,0.217711030015,0.112979532316,0.000774147646989,0.000132782402949
"{'max_leaf_nodes': 5, 'min_samples_leaf': 73, 'n_estimators': 490, 'min_samples_split': 202, 'min_weight_fraction_leaf': 0.20000000000000001, 'max_features': 'sqrt', 'max_depth': 4}",5.4652107954,0.35881087184,0.000600085339903,0.00199325557909,4,sqrt,5,73,202,0.20000000000000001,490,65,0.000452765340164,0.00199859381734,0.0010827723803,0.00185537700253,0.000594572366126,0.00199649689335,0.00061938334674,0.00205355058967,0.000400505758678,0.00205486636233,0.000691981819444,0.00205706481452,0.0015302102884,0.001895245174,-0.000571508580634,0.002034849979,0.349280106075,0.0221755630274,0.000563597204781,7.23607575191e-05
"{'max_leaf_nodes': 5, 'min_samples_leaf': 73, 'n_estimators': 450, 'min_samples_split': 202, 'min_weight_fraction_leaf': 0.20000000000000001, 'max_features': 'sqrt', 'max_depth': 4}",4.60853275657,0.304273456335,0.000593351828884,0.00198606987982,4,sqrt,5,73,202,0.20000000000000001,450,97,0.000438380963143,0.00198959127555,0.00108032671745,0.00184955551883,0.000575766284639,0.00198734272629,0.000600119307776,0.00205169226149,0.000394502925653,0.00204884427989,0.000686862591903,0.00204753363473,0.00151651730362,0.00188546160493,-0.000545661463111,0.0020285377368,0.0584983017718,0.00510798826066,0.000554457672377,7.29729833758e-05
"{'max_leaf_nodes': 5, 'min_samples_leaf': 73, 'n_estimators': 490, 'min_samples_split': 192, 'min_weight_fraction_leaf': 0.10000000000000001, 'max_features': 'sqrt', 'max_depth': 4}",6.51107475162,0.383934229612,0.00124617674302,0.00326079495803,4,sqrt,5,73,192,0.10000000000000001,490,1,0.00110126097727,0.00314632966599,0.00216957185775,0.00302067688267,0.00143948513666,0.00326581326886,0.00118360471502,0.00334748870747,0.00108393607082,0.0032457251941,0.00121538376562,0.00334654888577,0.00224214910401,0.00320159131324,-0.000465977683004,0.00351218574613,0.439509962589,0.0336141798414,0.000779875509006,0.000138104677978
"{'max_leaf_nodes': 5, 'min_samples_leaf': 73, 'n_estimators': 450, 'min_samples_split': 192, 'min_weight_fraction_leaf': 0.10000000000000001, 'max_features': 'sqrt', 'max_depth': 4}",5.56480449438,0.337254345417,0.00124364722996,0.00325273917241,4,sqrt,5,73,192,0.10000000000000001,450,17,0.00112782451937,0.00313898500007,0.00217642419773,0.00302403173846,0.00142545020505,0.00326176907168,0.00117608540537,0.00334673892264,0.00105816192363,0.00324172297628,0.00120266726773,0.003340634108,0.00223085774621,0.00318264522984,-0.000448293425428,0.00348538633231,0.261193761658,0.0681828150376,0.000774147646989,0.000132782402949
"{'max_leaf_nodes': 5, 'min_samples_leaf': 73, 'n_estimators': 490, 'min_samples_split': 192, 'min_weight_fraction_leaf': 0.20000000000000001, 'max_features': 'sqrt', 'max_depth': 4}",4.99097648263,0.334800511599,0.000600085339903,0.00199325557909,4,sqrt,5,73,192,0.20000000000000001,490,65,0.000452765340164,0.00199859381734,0.0010827723803,0.00185537700253,0.000594572366126,0.00199649689335,0.00061938334674,0.00205355058967,0.000400505758678,0.00205486636233,0.000691981819444,0.00205706481452,0.0015302102884,0.001895245174,-0.000571508580634,0.002034849979,0.0918775514986,0.0182605292452,0.000563597204781,7.23607575191e-05
"{'max_leaf_nodes': 5, 'min_samples_leaf': 73, 'n_estimators': 450, 'min_samples_split': 192, 'min_weight_fraction_leaf': 0.20000000000000001, 'max_features': 'sqrt', 'max_depth': 4}",4.710259974,0.313282519579,0.000593351828884,0.00198606987982,4,sqrt,5,73,192,0.20000000000000001,450,97,0.000438380963143,0.00198959127555,0.00108032671745,0.00184955551883,0.000575766284639,0.00198734272629,0.000600119307776,0.00205169226149,0.000394502925653,0.00204884427989,0.000686862591903,0.00204753363473,0.00151651730362,0.00188546160493,-0.000545661463111,0.0020285377368,0.126154472228,0.0196525108574,0.000554457672377,7.29729833758e-05
"{'max_leaf_nodes': 4, 'min_samples_leaf': 77, 'n_estimators': 490, 'min_samples_split': 202, 'min_weight_fraction_leaf': 0.10000000000000001, 'max_features': 'log2', 'max_depth': 4}",5.8591338098,0.359046965837,0.00106128291679,0.00280487652584,4,log2,4,77,202,0.10000000000000001,490,49,0.000825359923506,0.00274261176763,0.00176241797338,0.00258503078785,0.00132692580528,0.00275846109955,0.00106317193671,0.00287061758425,0.000890934612698,0.00281545619253,0.00109107818141,0.00287251658964,0.00202278264172,0.00275547431011,-0.000492407740373,0.00303884387515,0.575244961947,0.0311037041463,0.000705882640799,0.00012275673822
"{'max_leaf_nodes': 4, 'min_samples_leaf': 77, 'n_estimators': 450, 'min_samples_split': 202, 'min_weight_fraction_leaf': 0.10000000000000001, 'max_features': 'log2', 'max_depth': 4}",5.53657647967,0.347193241119,0.00106273188226,0.00279726882514,4,log2,4,77,202,0.10000000000000001,450,33,0.000843124104862,0.00273028623556,0.00176064971833,0.00258590826983,0.00131826741218,0.00275217298607,0.00107637902733,0.00286448756115,0.000864246162849,0.00281057245854,0.00109127480091,0.00286913722453,0.00201535398566,0.00274339131756,-0.000467440154009,0.00302219454788,0.336429743298,0.0405622434024,0.000697309843694,0.000119660125399
"{'max_leaf_nodes': 4, 'min_samples_leaf': 77, 'n_estimators': 490, 'min_samples_split': 202, 'min_weight_fraction_leaf': 0.20000000000000001, 'max_features': 'log2', 'max_depth': 4}",5.32670938969,0.366473704576,0.000600085339903,0.00199325557909,4,log2,4,77,202,0.20000000000000001,490,65,0.000452765340164,0.00199859381734,0.0010827723803,0.00185537700253,0.000594572366126,0.00199649689335,0.00061938334674,0.00205355058967,0.000400505758678,0.00205486636233,0.000691981819444,0.00205706481452,0.0015302102884,0.001895245174,-0.000571508580634,0.002034849979,0.0509931767031,0.0139509875653,0.000563597204781,7.23607575191e-05
"{'max_leaf_nodes': 4, 'min_samples_leaf': 77, 'n_estimators': 450, 'min_samples_split': 202, 'min_weight_fraction_leaf': 0.20000000000000001, 'max_features': 'log2', 'max_depth': 4}",4.88428503275,0.338172584772,0.000593351828884,0.00198606987982,4,log2,4,77,202,0.20000000000000001,450,97,0.000438380963143,0.00198959127555,0.00108032671745,0.00184955551883,0.000575766284639,0.00198734272629,0.000600119307776,0.00205169226149,0.000394502925653,0.00204884427989,0.000686862591903,0.00204753363473,0.00151651730362,0.00188546160493,-0.000545661463111,0.0020285377368,0.0986107227069,0.0171302514413,0.000554457672377,7.29729833758e-05
"{'max_leaf_nodes': 4, 'min_samples_leaf': 77, 'n_estimators': 490, 'min_samples_split': 192, 'min_weight_fraction_leaf': 0.10000000000000001, 'max_features': 'log2', 'max_depth': 4}",5.65607264638,0.361674815416,0.00106128291679,0.00280487652584,4,log2,4,77,192,0.10000000000000001,490,49,0.000825359923506,0.00274261176763,0.00176241797338,0.00258503078785,0.00132692580528,0.00275846109955,0.00106317193671,0.00287061758425,0.000890934612698,0.00281545619253,0.00109107818141,0.00287251658964,0.00202278264172,0.00275547431011,-0.000492407740373,0.00303884387515,0.119816471877,0.0193736038919,0.000705882640799,0.00012275673822
"{'max_leaf_nodes': 4, 'min_samples_leaf': 77, 'n_estimators': 450, 'min_samples_split': 192, 'min_weight_fraction_leaf': 0.10000000000000001, 'max_features': 'log2', 'max_depth': 4}",5.37918171287,0.353383779526,0.00106273188226,0.00279726882514,4,log2,4,77,192,0.10000000000000001,450,33,0.000843124104862,0.00273028623556,0.00176064971833,0.00258590826983,0.00131826741218,0.00275217298607,0.00107637902733,0.00286448756115,0.000864246162849,0.00281057245854,0.00109127480091,0.00286913722453,0.00201535398566,0.00274339131756,-0.000467440154009,0.00302219454788,0.152427884296,0.0283038645035,0.000697309843694,0.000119660125399
"{'max_leaf_nodes': 4, 'min_samples_leaf': 77, 'n_estimators': 490, 'min_samples_split': 192, 'min_weight_fraction_leaf': 0.20000000000000001, 'max_features': 'log2', 'max_depth': 4}",5.42381325364,0.35437643528,0.000600085339903,0.00199325557909,4,log2,4,77,192,0.20000000000000001,490,65,0.000452765340164,0.00199859381734,0.0010827723803,0.00185537700253,0.000594572366126,0.00199649689335,0.00061938334674,0.00205355058967,0.000400505758678,0.00205486636233,0.000691981819444,0.00205706481452,0.0015302102884,0.001895245174,-0.000571508580634,0.002034849979,0.418653737316,0.0100575246708,0.000563597204781,7.23607575191e-05
"{'max_leaf_nodes': 4, 'min_samples_leaf': 77, 'n_estimators': 450, 'min_samples_split': 192, 'min_weight_fraction_leaf': 0.20000000000000001, 'max_features': 'log2', 'max_depth': 4}",4.93624913692,0.342352688313,0.000593351828884,0.00198606987982,4,log2,4,77,192,0.20000000000000001,450,97,0.000438380963143,0.00198959127555,0.00108032671745,0.00184955551883,0.000575766284639,0.00198734272629,0.000600119307776,0.00205169226149,0.000394502925653,0.00204884427989,0.000686862591903,0.00204753363473,0.00151651730362,0.00188546160493,-0.000545661463111,0.0020285377368,0.391947937592,0.0470983474527,0.000554457672377,7.29729833758e-05
"{'max_leaf_nodes': 4, 'min_samples_leaf': 73, 'n_estimators': 490, 'min_samples_split': 202, 'min_weight_fraction_leaf': 0.10000000000000001, 'max_features': 'log2', 'max_depth': 4}",5.91948828101,0.396064132452,0.00106128291679,0.00280487652584,4,log2,4,73,202,0.10000000000000001,490,49,0.000825359923506,0.00274261176763,0.00176241797338,0.00258503078785,0.00132692580528,0.00275846109955,0.00106317193671,0.00287061758425,0.000890934612698,0.00281545619253,0.00109107818141,0.00287251658964,0.00202278264172,0.00275547431011,-0.000492407740373,0.00303884387515,0.515085918663,0.0916226194216,0.000705882640799,0.00012275673822
"{'max_leaf_nodes': 4, 'min_samples_leaf': 73, 'n_estimators': 450, 'min_samples_split': 202, 'min_weight_fraction_leaf': 0.10000000000000001, 'max_features': 'log2', 'max_depth': 4}",5.74835273623,0.379999786615,0.00106273188226,0.00279726882514,4,log2,4,73,202,0.10000000000000001,450,33,0.000843124104862,0.00273028623556,0.00176064971833,0.00258590826983,0.00131826741218,0.00275217298607,0.00107637902733,0.00286448756115,0.000864246162849,0.00281057245854,0.00109127480091,0.00286913722453,0.00201535398566,0.00274339131756,-0.000467440154009,0.00302219454788,0.578536298692,0.0969065634144,0.000697309843694,0.000119660125399
"{'max_leaf_nodes': 4, 'min_samples_leaf': 73, 'n_estimators': 490, 'min_samples_split': 202, 'min_weight_fraction_leaf': 0.20000000000000001, 'max_features': 'log2', 'max_depth': 4}",6.34489113092,0.486308634281,0.000600085339903,0.00199325557909,4,log2,4,73,202,0.20000000000000001,490,65,0.000452765340164,0.00199859381734,0.0010827723803,0.00185537700253,0.000594572366126,0.00199649689335,0.00061938334674,0.00205355058967,0.000400505758678,0.00205486636233,0.000691981819444,0.00205706481452,0.0015302102884,0.001895245174,-0.000571508580634,0.002034849979,0.734143754209,0.175132048438,0.000563597204781,7.23607575191e-05
"{'max_leaf_nodes': 4, 'min_samples_leaf': 73, 'n_estimators': 450, 'min_samples_split': 202, 'min_weight_fraction_leaf': 0.20000000000000001, 'max_features': 'log2', 'max_depth': 4}",6.27614912391,0.365932792425,0.000593351828884,0.00198606987982,4,log2,4,73,202,0.20000000000000001,450,97,0.000438380963143,0.00198959127555,0.00108032671745,0.00184955551883,0.000575766284639,0.00198734272629,0.000600119307776,0.00205169226149,0.000394502925653,0.00204884427989,0.000686862591903,0.00204753363473,0.00151651730362,0.00188546160493,-0.000545661463111,0.0020285377368,0.625684203263,0.0798592271161,0.000554457672377,7.29729833758e-05
"{'max_leaf_nodes': 4, 'min_samples_leaf': 73, 'n_estimators': 490, 'min_samples_split': 192, 'min_weight_fraction_leaf': 0.10000000000000001, 'max_features': 'log2', 'max_depth': 4}",6.32475119829,0.424570024014,0.00106128291679,0.00280487652584,4,log2,4,73,192,0.10000000000000001,490,49,0.000825359923506,0.00274261176763,0.00176241797338,0.00258503078785,0.00132692580528,0.00275846109955,0.00106317193671,0.00287061758425,0.000890934612698,0.00281545619253,0.00109107818141,0.00287251658964,0.00202278264172,0.00275547431011,-0.000492407740373,0.00303884387515,0.722773965077,0.124579376728,0.000705882640799,0.00012275673822
"{'max_leaf_nodes': 4, 'min_samples_leaf': 73, 'n_estimators': 450, 'min_samples_split': 192, 'min_weight_fraction_leaf': 0.10000000000000001, 'max_features': 'log2', 'max_depth': 4}",4.88385522366,0.299110025167,0.00106273188226,0.00279726882514,4,log2,4,73,192,0.10000000000000001,450,33,0.000843124104862,0.00273028623556,0.00176064971833,0.00258590826983,0.00131826741218,0.00275217298607,0.00107637902733,0.00286448756115,0.000864246162849,0.00281057245854,0.00109127480091,0.00286913722453,0.00201535398566,0.00274339131756,-0.000467440154009,0.00302219454788,0.283802538648,0.00990237726527,0.000697309843694,0.000119660125399
"{'max_leaf_nodes': 4, 'min_samples_leaf': 73, 'n_estimators': 490, 'min_samples_split': 192, 'min_weight_fraction_leaf': 0.20000000000000001, 'max_features': 'log2', 'max_depth': 4}",5.61703452468,0.392047852278,0.000600085339903,0.00199325557909,4,log2,4,73,192,0.20000000000000001,490,65,0.000452765340164,0.00199859381734,0.0010827723803,0.00185537700253,0.000594572366126,0.00199649689335,0.00061938334674,0.00205355058967,0.000400505758678,0.00205486636233,0.000691981819444,0.00205706481452,0.0015302102884,0.001895245174,-0.000571508580634,0.002034849979,0.409968884279,0.0788278062619,0.000563597204781,7.23607575191e-05
"{'max_leaf_nodes': 4, 'min_samples_leaf': 73, 'n_estimators': 450, 'min_samples_split': 192, 'min_weight_fraction_leaf': 0.20000000000000001, 'max_features': 'log2', 'max_depth': 4}",4.62119621038,0.305790930986,0.000593351828884,0.00198606987982,4,log2,4,73,192,0.20000000000000001,450,97,0.000438380963143,0.00198959127555,0.00108032671745,0.00184955551883,0.000575766284639,0.00198734272629,0.000600119307776,0.00205169226149,0.000394502925653,0.00204884427989,0.000686862591903,0.00204753363473,0.00151651730362,0.00188546160493,-0.000545661463111,0.0020285377368,0.0905168704178,0.0141145755536,0.000554457672377,7.29729833758e-05
"{'max_leaf_nodes': 5, 'min_samples_leaf': 77, 'n_estimators': 490, 'min_samples_split': 202, 'min_weight_fraction_leaf': 0.10000000000000001, 'max_features': 'log2', 'max_depth': 4}",5.93608167768,0.34364554286,0.00124617674302,0.00326079495803,4,log2,5,77,202,0.10000000000000001,490,1,0.00110126097727,0.00314632966599,0.00216957185775,0.00302067688267,0.00143948513666,0.00326581326886,0.00118360471502,0.00334748870747,0.00108393607082,0.0032457251941,0.00121538376562,0.00334654888577,0.00224214910401,0.00320159131324,-0.000465977683004,0.00351218574613,0.065455242517,0.00389676965808,0.000779875509006,0.000138104677978
"{'max_leaf_nodes': 5, 'min_samples_leaf': 77, 'n_estimators': 450, 'min_samples_split': 202, 'min_weight_fraction_leaf': 0.10000000000000001, 'max_features': 'log2', 'max_depth': 4}",5.43598550558,0.322995901108,0.00124364722996,0.00325273917241,4,log2,5,77,202,0.10000000000000001,450,17,0.00112782451937,0.00313898500007,0.00217642419773,0.00302403173846,0.00142545020505,0.00326176907168,0.00117608540537,0.00334673892264,0.00105816192363,0.00324172297628,0.00120266726773,0.003340634108,0.00223085774621,0.00318264522984,-0.000448293425428,0.00348538633231,0.0472618400431,0.0208768674845,0.000774147646989,0.000132782402949
"{'max_leaf_nodes': 5, 'min_samples_leaf': 77, 'n_estimators': 490, 'min_samples_split': 202, 'min_weight_fraction_leaf': 0.20000000000000001, 'max_features': 'log2', 'max_depth': 4}",5.38164010644,0.34488761425,0.000600085339903,0.00199325557909,4,log2,5,77,202,0.20000000000000001,490,65,0.000452765340164,0.00199859381734,0.0010827723803,0.00185537700253,0.000594572366126,0.00199649689335,0.00061938334674,0.00205355058967,0.000400505758678,0.00205486636233,0.000691981819444,0.00205706481452,0.0015302102884,0.001895245174,-0.000571508580634,0.002034849979,0.571825861802,0.0156592863249,0.000563597204781,7.23607575191e-05
"{'max_leaf_nodes': 5, 'min_samples_leaf': 77, 'n_estimators': 450, 'min_samples_split': 202, 'min_weight_fraction_leaf': 0.20000000000000001, 'max_features': 'log2', 'max_depth': 4}",5.03049144149,0.359778791666,0.000593351828884,0.00198606987982,4,log2,5,77,202,0.20000000000000001,450,97,0.000438380963143,0.00198959127555,0.00108032671745,0.00184955551883,0.000575766284639,0.00198734272629,0.000600119307776,0.00205169226149,0.000394502925653,0.00204884427989,0.000686862591903,0.00204753363473,0.00151651730362,0.00188546160493,-0.000545661463111,0.0020285377368,0.233998575622,0.0732441636744,0.000554457672377,7.29729833758e-05
"{'max_leaf_nodes': 5, 'min_samples_leaf': 77, 'n_estimators': 490, 'min_samples_split': 192, 'min_weight_fraction_leaf': 0.10000000000000001, 'max_features': 'log2', 'max_depth': 4}",5.98741570115,0.376344799995,0.00124617674302,0.00326079495803,4,log2,5,77,192,0.10000000000000001,490,1,0.00110126097727,0.00314632966599,0.00216957185775,0.00302067688267,0.00143948513666,0.00326581326886,0.00118360471502,0.00334748870747,0.00108393607082,0.0032457251941,0.00121538376562,0.00334654888577,0.00224214910401,0.00320159131324,-0.000465977683004,0.00351218574613,0.17225971882,0.0538985741548,0.000779875509006,0.000138104677978
"{'max_leaf_nodes': 5, 'min_samples_leaf': 77, 'n_estimators': 450, 'min_samples_split': 192, 'min_weight_fraction_leaf': 0.10000000000000001, 'max_features': 'log2', 'max_depth': 4}",5.50448811054,0.326396644115,0.00124364722996,0.00325273917241,4,log2,5,77,192,0.10000000000000001,450,17,0.00112782451937,0.00313898500007,0.00217642419773,0.00302403173846,0.00142545020505,0.00326176907168,0.00117608540537,0.00334673892264,0.00105816192363,0.00324172297628,0.00120266726773,0.003340634108,0.00223085774621,0.00318264522984,-0.000448293425428,0.00348538633231,0.169239337006,0.0252889562602,0.000774147646989,0.000132782402949
"{'max_leaf_nodes': 5, 'min_samples_leaf': 77, 'n_estimators': 490, 'min_samples_split': 192, 'min_weight_fraction_leaf': 0.20000000000000001, 'max_features': 'log2', 'max_depth': 4}",5.4652042985,0.372854530811,0.000600085339903,0.00199325557909,4,log2,5,77,192,0.20000000000000001,490,65,0.000452765340164,0.00199859381734,0.0010827723803,0.00185537700253,0.000594572366126,0.00199649689335,0.00061938334674,0.00205355058967,0.000400505758678,0.00205486636233,0.000691981819444,0.00205706481452,0.0015302102884,0.001895245174,-0.000571508580634,0.002034849979,0.3203477497,0.0425065442319,0.000563597204781,7.23607575191e-05
"{'max_leaf_nodes': 5, 'min_samples_leaf': 77, 'n_estimators': 450, 'min_samples_split': 192, 'min_weight_fraction_leaf': 0.20000000000000001, 'max_features': 'log2', 'max_depth': 4}",5.07771942019,0.330294579268,0.000593351828884,0.00198606987982,4,log2,5,77,192,0.20000000000000001,450,97,0.000438380963143,0.00198959127555,0.00108032671745,0.00184955551883,0.000575766284639,0.00198734272629,0.000600119307776,0.00205169226149,0.000394502925653,0.00204884427989,0.000686862591903,0.00204753363473,0.00151651730362,0.00188546160493,-0.000545661463111,0.0020285377368,0.34467718209,0.0240077937789,0.000554457672377,7.29729833758e-05
"{'max_leaf_nodes': 5, 'min_samples_leaf': 73, 'n_estimators': 490, 'min_samples_split': 202, 'min_weight_fraction_leaf': 0.10000000000000001, 'max_features': 'log2', 'max_depth': 4}",6.24091887474,0.380859851837,0.00124617674302,0.00326079495803,4,log2,5,73,202,0.10000000000000001,490,1,0.00110126097727,0.00314632966599,0.00216957185775,0.00302067688267,0.00143948513666,0.00326581326886,0.00118360471502,0.00334748870747,0.00108393607082,0.0032457251941,0.00121538376562,0.00334654888577,0.00224214910401,0.00320159131324,-0.000465977683004,0.00351218574613,0.173098610824,0.0296836380938,0.000779875509006,0.000138104677978
"{'max_leaf_nodes': 5, 'min_samples_leaf': 73, 'n_estimators': 450, 'min_samples_split': 202, 'min_weight_fraction_leaf': 0.10000000000000001, 'max_features': 'log2', 'max_depth': 4}",5.83242717385,0.39914855361,0.00124364722996,0.00325273917241,4,log2,5,73,202,0.10000000000000001,450,17,0.00112782451937,0.00313898500007,0.00217642419773,0.00302403173846,0.00142545020505,0.00326176907168,0.00117608540537,0.00334673892264,0.00105816192363,0.00324172297628,0.00120266726773,0.003340634108,0.00223085774621,0.00318264522984,-0.000448293425428,0.00348538633231,0.323060709064,0.12303537816,0.000774147646989,0.000132782402949
"{'max_leaf_nodes': 5, 'min_samples_leaf': 73, 'n_estimators': 490, 'min_samples_split': 202, 'min_weight_fraction_leaf': 0.20000000000000001, 'max_features': 'log2', 'max_depth': 4}",5.16891700029,0.332164466381,0.000600085339903,0.00199325557909,4,log2,5,73,202,0.20000000000000001,490,65,0.000452765340164,0.00199859381734,0.0010827723803,0.00185537700253,0.000594572366126,0.00199649689335,0.00061938334674,0.00205355058967,0.000400505758678,0.00205486636233,0.000691981819444,0.00205706481452,0.0015302102884,0.001895245174,-0.000571508580634,0.002034849979,0.235420735445,0.0162478711219,0.000563597204781,7.23607575191e-05
"{'max_leaf_nodes': 5, 'min_samples_leaf': 73, 'n_estimators': 450, 'min_samples_split': 202, 'min_weight_fraction_leaf': 0.20000000000000001, 'max_features': 'log2', 'max_depth': 4}",4.93500334024,0.340081244707,0.000593351828884,0.00198606987982,4,log2,5,73,202,0.20000000000000001,450,97,0.000438380963143,0.00198959127555,0.00108032671745,0.00184955551883,0.000575766284639,0.00198734272629,0.000600119307776,0.00205169226149,0.000394502925653,0.00204884427989,0.000686862591903,0.00204753363473,0.00151651730362,0.00188546160493,-0.000545661463111,0.0020285377368,0.280530128403,0.0636046702153,0.000554457672377,7.29729833758e-05
"{'max_leaf_nodes': 5, 'min_samples_leaf': 73, 'n_estimators': 490, 'min_samples_split': 192, 'min_weight_fraction_leaf': 0.10000000000000001, 'max_features': 'log2', 'max_depth': 4}",6.34082087874,0.370611220598,0.00124617674302,0.00326079495803,4,log2,5,73,192,0.10000000000000001,490,1,0.00110126097727,0.00314632966599,0.00216957185775,0.00302067688267,0.00143948513666,0.00326581326886,0.00118360471502,0.00334748870747,0.00108393607082,0.0032457251941,0.00121538376562,0.00334654888577,0.00224214910401,0.00320159131324,-0.000465977683004,0.00351218574613,0.36423014359,0.045247409119,0.000779875509006,0.000138104677978
"{'max_leaf_nodes': 5, 'min_samples_leaf': 73, 'n_estimators': 450, 'min_samples_split': 192, 'min_weight_fraction_leaf': 0.10000000000000001, 'max_features': 'log2', 'max_depth': 4}",5.92420890927,0.352493107319,0.00124364722996,0.00325273917241,4,log2,5,73,192,0.10000000000000001,450,17,0.00112782451937,0.00313898500007,0.00217642419773,0.00302403173846,0.00142545020505,0.00326176907168,0.00117608540537,0.00334673892264,0.00105816192363,0.00324172297628,0.00120266726773,0.003340634108,0.00223085774621,0.00318264522984,-0.000448293425428,0.00348538633231,0.747970518719,0.0404348820841,0.000774147646989,0.000132782402949
"{'max_leaf_nodes': 5, 'min_samples_leaf': 73, 'n_estimators': 490, 'min_samples_split': 192, 'min_weight_fraction_leaf': 0.20000000000000001, 'max_features': 'log2', 'max_depth': 4}",6.5390034914,0.473574399948,0.000600085339903,0.00199325557909,4,log2,5,73,192,0.20000000000000001,490,65,0.000452765340164,0.00199859381734,0.0010827723803,0.00185537700253,0.000594572366126,0.00199649689335,0.00061938334674,0.00205355058967,0.000400505758678,0.00205486636233,0.000691981819444,0.00205706481452,0.0015302102884,0.001895245174,-0.000571508580634,0.002034849979,0.590342794516,0.0797289641065,0.000563597204781,7.23607575191e-05
"{'max_leaf_nodes': 5, 'min_samples_leaf': 73, 'n_estimators': 450, 'min_samples_split': 192, 'min_weight_fraction_leaf': 0.20000000000000001, 'max_features': 'log2', 'max_depth': 4}",5.88581690192,0.390978395939,0.000593351828884,0.00198606987982,4,log2,5,73,192,0.20000000000000001,450,97,0.000438380963143,0.00198959127555,0.00108032671745,0.00184955551883,0.000575766284639,0.00198734272629,0.000600119307776,0.00205169226149,0.000394502925653,0.00204884427989,0.000686862591903,0.00204753363473,0.00151651730362,0.00188546160493,-0.000545661463111,0.0020285377368,0.445065139463,0.0761703342778,0.000554457672377,7.29729833758e-05
